// Code generated by running "go generate" in golang.org/x/text. DO NOT EDIT.

package language

import "golang.org/x/text/internal/tag"

// CLDRVersion is the CLDR version from which the tables in this package are derived.
const CLDRVersion = "48.2"

const NumLanguages = 8815

const NumScripts = 274

const NumRegions = 358

type FromTo struct {
	From uint16
	To   uint16
}

const nonCanonicalUnd = 738
const (
	_af  = 12
	_am  = 20
	_ar  = 27
	_az  = 43
	_bg  = 63
	_bn  = 84
	_ca  = 109
	_cs  = 143
	_da  = 150
	_de  = 155
	_el  = 178
	_en  = 179
	_es  = 181
	_et  = 184
	_fa  = 189
	_fi  = 194
	_fil = 196
	_fr  = 201
	_gu  = 240
	_he  = 253
	_hi  = 254
	_hr  = 267
	_hu  = 271
	_hy  = 273
	_id  = 278
	_is  = 288
	_it  = 289
	_ja  = 295
	_ka  = 306
	_kk  = 341
	_km  = 345
	_kn  = 347
	_ko  = 351
	_ky  = 379
	_lo  = 409
	_lt  = 413
	_lv  = 422
	_mk  = 456
	_ml  = 457
	_mn  = 459
	_mo  = 462
	_mr  = 467
	_ms  = 471
	_mul = 475
	_my  = 483
	_nb  = 494
	_ne  = 499
	_nl  = 508
	_no  = 513
	_pa  = 541
	_pl  = 559
	_pt  = 570
	_ro  = 593
	_ru  = 597
	_sh  = 627
	_si  = 630
	_sk  = 632
	_sl  = 634
	_sq  = 650
	_sr  = 652
	_sv  = 666
	_sw  = 667
	_ta  = 675
	_te  = 682
	_th  = 687
	_tl  = 698
	_tn  = 701
	_tr  = 708
	_uk  = 735
	_ur  = 741
	_uz  = 743
	_vi  = 748
	_zh  = 803
	_zu  = 807
	_jbo = 298
	_ami = 1130
	_bnn = 1837
	_hak = 250
	_tlh = 13947
	_lb  = 387
	_nv  = 524
	_pwn = 11535
	_tao = 13668
	_tay = 13678
	_tsu = 14142
	_nn  = 510
	_sfb = 13109
	_vgt = 15181
	_sgg = 13140
	_cmn = 2487
	_nan = 491
	_hsn = 269
)

const langPrivateStart = 0x2d6a

const langPrivateEnd = 0x2f71

// lang holds an alphabetically sorted list of ISO-639 language identifiers.
// All entries are 4 bytes. The index of the identifier (divided by 4) is the language tag.
// For 2-byte language identifiers, the two successive bytes have the following meaning:
//   - if the first letter of the 2- and 3-letter ISO codes are the same:
//     the second and third letter of the 3-letter ISO code.
//   - otherwise: a 0 and a by 2 bits right-shifted index into altLangISO3.
//
// For 3-byte language identifiers the 4th byte is 0.
const lang tag.Index = "" + // Size: 3244 bytes
	"---\x00aaarabbkabq\x00abr\x00ace\x00ach\x00acr\x00ada\x00ady\x00aeveaeb" +
	"\x00affragq\x00agu\x00aho\x00akkaakk\x00aln\x00alt\x00ammhamo\x00anrgann" +
	"\x00aoz\x00apc\x00apd\x00arraarc\x00arn\x00aro\x00arq\x00ars\x00ary\x00a" +
	"rz\x00assmasa\x00ase\x00ast\x00atj\x00avvaawa\x00ayymazzebaakbal\x00ban" +
	"\x00bap\x00bar\x00bas\x00bax\x00bbc\x00bbj\x00bci\x00beelbej\x00bem\x00b" +
	"ew\x00bez\x00bfd\x00bfq\x00bft\x00bfy\x00bgulbgc\x00bgn\x00bgx\x00bhihbh" +
	"b\x00bhi\x00bho\x00biisbik\x00bin\x00bjj\x00bjn\x00bjt\x00bkm\x00bku\x00" +
	"bla\x00blo\x00blt\x00bmambmq\x00bnenboodbpy\x00bqi\x00bqv\x00brrebra\x00" +
	"brh\x00brx\x00bsosbsc\x00bsq\x00bss\x00bto\x00btv\x00bua\x00buc\x00bug" +
	"\x00bum\x00bvb\x00byn\x00byv\x00bza\x00bze\x00bzj\x00caatcaa\x00cab\x00c" +
	"ac\x00cad\x00cak\x00cch\x00ccp\x00ccr\x00ceheceb\x00cgg\x00chhachk\x00ch" +
	"m\x00cho\x00chp\x00chr\x00cic\x00cja\x00cjm\x00ckb\x00ckz\x00clc\x00cmg" +
	"\x00cooscop\x00cps\x00crrecrg\x00crh\x00crk\x00crl\x00crs\x00csescsb\x00" +
	"csw\x00ctd\x00cuhucvhvcyymdaandak\x00dar\x00dav\x00dcc\x00deeuden\x00dgr" +
	"\x00dje\x00dmf\x00dnj\x00doi\x00dsb\x00dtm\x00dtp\x00dty\x00dua\x00dvivd" +
	"yo\x00dyu\x00dzzoebu\x00ecy\x00eeweefi\x00egl\x00egy\x00eky\x00elllennge" +
	"opoes\x00\x05esg\x00esu\x00etstett\x00euusewo\x00ext\x00faasfan\x00fbl" +
	"\x00ffulffm\x00fiinfia\x00fil\x00fit\x00fjijfoaofon\x00frrafrc\x00frp" +
	"\x00frr\x00frs\x00fub\x00fud\x00fuf\x00fuq\x00fur\x00fuv\x00fvr\x00fyryg" +
	"alegaa\x00gag\x00gan\x00gay\x00gbm\x00gbz\x00gcr\x00gdlagez\x00gil\x00gj" +
	"k\x00gju\x00gllgglk\x00gmy\x00gnrngon\x00gor\x00gos\x00got\x00grb\x00grc" +
	"\x00grr\x00grt\x00gsw\x00guujgub\x00guc\x00gur\x00guw\x00guz\x00gvlvgvr" +
	"\x00gwi\x00haauhak\x00haw\x00haz\x00heebhiinhif\x00hil\x00hlu\x00hmd\x00" +
	"hnd\x00hne\x00hnj\x00hnn\x00hno\x00homohoc\x00hoj\x00hrrvhsb\x00hsn\x00h" +
	"tathuunhur\x00hyyehzerianaiba\x00ibb\x00idndieleife\x00igboiiiiikpkilo" +
	"\x00inndinh\x00iodoisslittaitz\x00iukuiw\x00\x03ixl\x00izh\x00japnjac" +
	"\x00jam\x00jbo\x00jgo\x00ji\x00\x06jmc\x00jml\x00jut\x00jvavjwavkaatkaa" +
	"\x00kab\x00kac\x00kaj\x00kam\x00kao\x00kaw\x00kbd\x00kby\x00kcg\x00kck" +
	"\x00kde\x00kdh\x00kdt\x00kea\x00kek\x00ken\x00kfo\x00kfr\x00kfy\x00kgonk" +
	"ge\x00kgp\x00kha\x00khb\x00khn\x00khq\x00kht\x00khw\x00kiikkiu\x00kjuakj" +
	"b\x00kjg\x00kkazkkj\x00klalkln\x00kmhmkmb\x00knanknf\x00knj\x00knn\x00ko" +
	"orkoi\x00kok\x00kos\x00kpe\x00kqn\x00kraukrc\x00kri\x00krj\x00krl\x00kro" +
	"\x00kru\x00ksasksb\x00ksf\x00ksh\x00kss\x00kuurkum\x00kvomkvr\x00kvx\x00" +
	"kw\x00\x01kwk\x00kxm\x00kxp\x00kxv\x00kyirkyw\x00laatlab\x00lad\x00lag" +
	"\x00lah\x00laj\x00lbtzlbe\x00lbw\x00lcp\x00leb\x00len\x00lep\x00lez\x00l" +
	"gugliimlif\x00lij\x00lil\x00lir\x00lis\x00ljp\x00lki\x00lkt\x00lld\x00lm" +
	"n\x00lmo\x00lninloaolol\x00loz\x00lrc\x00ltitltg\x00luublua\x00lue\x00lu" +
	"n\x00luo\x00luy\x00luz\x00lvavlwl\x00lzh\x00lzz\x00mad\x00maf\x00mag\x00" +
	"mai\x00mak\x00mam\x00man\x00mas\x00maz\x00mdf\x00mdh\x00mdr\x00men\x00me" +
	"r\x00mev\x00mey\x00mfa\x00mfe\x00mfv\x00mglgmgh\x00mgo\x00mgp\x00mgy\x00" +
	"mhahmhn\x00mirimic\x00min\x00mis\x00mkkdmlalmls\x00mnonmni\x00mnw\x00moo" +
	"lmoe\x00moh\x00mop\x00mos\x00mrarmrd\x00mrj\x00mro\x00mssamtltmtr\x00mua" +
	"\x00mul\x00mus\x00mvy\x00mwk\x00mwr\x00mwv\x00mww\x00mxc\x00myyamyv\x00m" +
	"yx\x00myz\x00mzb\x00mzn\x00naaunah\x00nan\x00nap\x00naq\x00nbobnch\x00nd" +
	"dendc\x00nds\x00neepnew\x00ngdongl\x00nhe\x00nhw\x00nij\x00niu\x00njo" +
	"\x00nlldnmg\x00nnnonnh\x00nnp\x00noornod\x00noe\x00non\x00nqo\x00nrblnse" +
	"\x00nsk\x00nso\x00nst\x00nus\x00nvavnxq\x00nyyanym\x00nyn\x00nzi\x00occi" +
	"ojjiojs\x00ojw\x00oka\x00omrmorriosssosa\x00otk\x00oui\x00paanpag\x00pal" +
	"\x00pam\x00pap\x00pau\x00pcd\x00pcm\x00pdc\x00pdt\x00peo\x00pfl\x00pgd" +
	"\x00phn\x00pilipis\x00pka\x00pko\x00plolpms\x00pnt\x00poc\x00poh\x00pon" +
	"\x00ppl\x00pqm\x00prd\x00prg\x00psusptorpuu\x00quuequc\x00qug\x00qum\x00" +
	"quv\x00raj\x00rcf\x00rej\x00rgn\x00rhg\x00ria\x00rif\x00rjs\x00rkt\x00rm" +
	"ohrmf\x00rmo\x00rmt\x00rmu\x00rnunrng\x00roonrob\x00rof\x00rtm\x00ruusru" +
	"e\x00rug\x00rw\x00\x04rwk\x00ryu\x00saansaf\x00sah\x00saq\x00sas\x00sat" +
	"\x00sav\x00saz\x00sbp\x00scrdsck\x00scn\x00sco\x00sdndsdc\x00sdh\x00seme" +
	"sef\x00seh\x00sei\x00ses\x00sgagsga\x00sgs\x00sh\x00\x02shi\x00shn\x00si" +
	"insid\x00sklkskr\x00sllvsli\x00sly\x00smmosma\x00smi\x00smj\x00smn\x00sm" +
	"p\x00sms\x00snnasnf\x00snk\x00soomsog\x00sou\x00sqqisqm\x00srrpsrb\x00sr" +
	"n\x00srr\x00srx\x00ssswssy\x00stotstq\x00stu\x00suunsuk\x00sus\x00suz" +
	"\x00svweswwaswb\x00swg\x00swv\x00sxn\x00syl\x00syr\x00szl\x00taamtaj\x00" +
	"tbw\x00tcy\x00tdd\x00tdg\x00tdh\x00teeltem\x00teo\x00tet\x00tggkthhathl" +
	"\x00thq\x00thr\x00tiirtig\x00tiv\x00tkuktkl\x00tkr\x00tkt\x00tlgltly\x00" +
	"tmh\x00tnsntnr\x00toontog\x00toi\x00tok\x00tpi\x00trurtru\x00trv\x00trw" +
	"\x00tssotsd\x00tsg\x00tsj\x00ttatttc\x00ttj\x00tts\x00ttt\x00tum\x00tvl" +
	"\x00twwitwq\x00txg\x00txo\x00tyahtyj\x00tyv\x00tzj\x00tzm\x00udm\x00ugig" +
	"uga\x00ukkruli\x00umb\x00und\x00unr\x00unx\x00urrdusp\x00uzzbvai\x00veen" +
	"vec\x00vep\x00viievic\x00vls\x00vmf\x00vmw\x00voolvot\x00vro\x00vun\x00w" +
	"alnwae\x00wal\x00war\x00wbp\x00wbq\x00wbr\x00wls\x00wni\x00woolwsg\x00wt" +
	"m\x00wuu\x00xag\x00xav\x00xco\x00xcr\x00xhhoxin\x00xlc\x00xld\x00xmf\x00" +
	"xmn\x00xmr\x00xna\x00xnr\x00xog\x00xpr\x00xsa\x00xsd\x00xsr\x00yao\x00ya" +
	"p\x00yav\x00ybb\x00yiidyooryrl\x00yua\x00yue\x00zahazag\x00zbl\x00zdj" +
	"\x00zea\x00zgh\x00zhhozkt\x00zlm\x00zmi\x00zuulzxx\x00zza\x00\xff\xff" +
	"\xff\xff"

const langNoIndexOffset = 810

// langNoIndex is a bit vector of all 3-letter language codes that are not used as an index
// in lookup tables. The language ids for these language codes are derived directly
// from the letters and are not consecutive.
// Size: 2197 bytes, 2197 elements
var langNoIndex = [2197]uint8{
	// Entry 0 - 3F
	0xff, 0xfd, 0xfd, 0xfe, 0xef, 0xf3, 0xbf, 0xd2,
	0xdb, 0xbf, 0xfe, 0xfa, 0xb7, 0x1d, 0x3c, 0x57,
	0x6f, 0x97, 0x73, 0xf8, 0xff, 0xef, 0xfe, 0x70,
	0xaf, 0x03, 0xff, 0xff, 0xcf, 0x05, 0x85, 0x72,
	0xe9, 0xbf, 0xfd, 0xff, 0xff, 0xf7, 0xfd, 0x77,
	0xbf, 0xff, 0xff, 0x7f, 0xff, 0xff, 0xff, 0xe3,
	0xc9, 0xfc, 0xff, 0xff, 0x4d, 0xbc, 0x0a, 0x6a,
	0x7e, 0xea, 0xe3, 0xfe, 0x7e, 0xff, 0x77, 0xff,
	// Entry 40 - 7F
	0xff, 0xff, 0xff, 0xdf, 0x2b, 0xf4, 0xf1, 0xe0,
	0x5d, 0xe7, 0x9f, 0x14, 0x07, 0x20, 0xdf, 0xed,
	0x9f, 0x3f, 0xc9, 0x21, 0xf8, 0x3f, 0x94, 0xf7,
	0x7e, 0xff, 0xff, 0xff, 0xfe, 0x7f, 0xff, 0xff,
	0xff, 0xff, 0x5f, 0xfc, 0xdb, 0xfd, 0xbf, 0xb5,
	0x7b, 0xdf, 0x7f, 0xf7, 0xfb, 0xfe, 0xff, 0xaf,
	0xbd, 0xff, 0x7f, 0xf7, 0xfd, 0xef, 0xef, 0xef,
	0xfb, 0xff, 0x9e, 0xff, 0xff, 0xef, 0xff, 0xdf,
	// Entry 80 - BF
	0xff, 0xff, 0xf3, 0xff, 0xfb, 0x7f, 0xff, 0xff,
	0xfb, 0xee, 0xff, 0xbd, 0xdb, 0xff, 0xdf, 0xf3,
	0xff, 0xfa, 0xfd, 0xff, 0x7e, 0xaf, 0x7b, 0xfe,
	0x7f, 0xff, 0xff, 0xfe, 0xff, 0xff, 0xdf, 0xff,
	0xff, 0xdf, 0xfb, 0xff, 0xfd, 0xbc, 0x7b, 0xff,
	0xff, 0xf0, 0xfb, 0xf7, 0x7f, 0xbf, 0xfd, 0xd5,
	0xa5, 0x57, 0x40, 0xff, 0x9c, 0xc1, 0x41, 0x2c,
	0x08, 0x25, 0x41, 0x00, 0x50, 0x40, 0x00, 0x80,
	// Entry C0 - FF
	0xfb, 0x4a, 0xf2, 0x9b, 0xb4, 0x42, 0x41, 0x96,
	0x9b, 0x14, 0x88, 0xf7, 0x5b, 0xe6, 0x17, 0x57,
	0x15, 0x7d, 0x0e, 0x1c, 0x37, 0x7f, 0xf3, 0xef,
	0x97, 0xff, 0x5d, 0x38, 0x64, 0x08, 0x00, 0x10,
	0xbc, 0xcc, 0xaf, 0xdf, 0xff, 0xff, 0x7b, 0x35,
	0x3e, 0xc7, 0xc7, 0xdf, 0xff, 0x01, 0x81, 0x00,
	0xb0, 0x05, 0x80, 0x00, 0x20, 0x00, 0x00, 0x03,
	0x40, 0x00, 0x40, 0x92, 0x21, 0xd0, 0xbf, 0x5d,
	// Entry 100 - 13F
	0xfd, 0xde, 0xfe, 0x5e, 0x00, 0x00, 0x02, 0x64,
	0x8d, 0x19, 0xc1, 0xdf, 0x79, 0x22, 0x00, 0x00,
	0x00, 0xdf, 0x6d, 0xdc, 0x26, 0xe5, 0xd9, 0xf3,
	0xfe, 0xff, 0xfd, 0xcb, 0x9f, 0x14, 0x41, 0x0c,
	0x86, 0x00, 0xd1, 0x00, 0xf0, 0xc5, 0x67, 0x5f,
	0x56, 0x99, 0x5e, 0xb7, 0xec, 0xef, 0x03, 0x00,
	0x02, 0x00, 0x00, 0x00, 0xc0, 0x77, 0xda, 0x57,
	0x90, 0x6d, 0x01, 0x2e, 0x96, 0x79, 0xe0, 0xff,
	// Entry 140 - 17F
	0xff, 0x7f, 0x00, 0x00, 0x00, 0x01, 0x0c, 0x56,
	0x03, 0x00, 0x00, 0xb0, 0x94, 0x23, 0x50, 0x16,
	0x0a, 0x00, 0x01, 0x00, 0x00, 0x10, 0x11, 0x09,
	0x00, 0x00, 0x60, 0x00, 0x00, 0x00, 0x00, 0x10,
	0x00, 0x00, 0x44, 0x00, 0x00, 0x10, 0x00, 0x05,
	0x08, 0x00, 0x00, 0x05, 0x00, 0x80, 0x28, 0x04,
	0x00, 0x00, 0x50, 0xd5, 0x2d, 0x00, 0x64, 0x35,
	0x24, 0x53, 0xf5, 0xd5, 0xbf, 0xe2, 0xcd, 0x03,
	// Entry 180 - 1BF
	0x00, 0x80, 0x00, 0x40, 0x00, 0x00, 0x00, 0x00,
	0x00, 0x04, 0x17, 0x39, 0x01, 0xd9, 0x57, 0x98,
	0x21, 0x98, 0xa5, 0x08, 0x00, 0x01, 0x40, 0x82,
	0x00, 0x00, 0x00, 0x00, 0x00, 0x00, 0x00, 0x00,
	0x01, 0x40, 0x00, 0x44, 0x00, 0x00, 0xb0, 0xfe,
	0xa9, 0x39, 0x00, 0x00, 0x00, 0x00, 0x00, 0x04,
	0x00, 0x00, 0x00, 0x00, 0x00, 0x20, 0x00, 0x40,
	0x00, 0x00, 0x00, 0x00, 0x02, 0x00, 0x00, 0x00,
	// Entry 1C0 - 1FF
	0x00, 0x03, 0x28, 0x05, 0x00, 0x00, 0x00, 0x00,
	0x04, 0x20, 0x04, 0xa6, 0x08, 0x04, 0x00, 0x08,
	0x81, 0x50, 0x00, 0x00, 0x08, 0x11, 0x86, 0x40,
	0x00, 0x00, 0x00, 0x00, 0x40, 0x00, 0x06, 0x55,
	0x02, 0x10, 0x08, 0x04, 0x00, 0x00, 0x00, 0x40,
	0x39, 0x83, 0x11, 0x00, 0x00, 0x00, 0x11, 0x00,
	0x00, 0x00, 0x00, 0x00, 0x00, 0x00, 0x00, 0x00,
	0x00, 0x00, 0x00, 0xbe, 0xdf, 0xff, 0xfe, 0xbf,
	// Entry 200 - 23F
	0xdf, 0xc7, 0x83, 0x82, 0xc0, 0xff, 0xdf, 0x27,
	0xef, 0x5f, 0xe7, 0x01, 0x10, 0x20, 0xb2, 0xc5,
	0xa6, 0x45, 0x25, 0x9b, 0x03, 0xdf, 0xf1, 0xdf,
	0x03, 0xc4, 0x08, 0x90, 0x01, 0x0e, 0x81, 0xe3,
	0x92, 0x54, 0xdb, 0x38, 0xf3, 0x7e, 0xff, 0x6d,
	0xf9, 0xff, 0x1d, 0x7f, 0x04, 0x08, 0x00, 0x01,
	0x21, 0x12, 0x64, 0x5f, 0xd5, 0x0f, 0x85, 0x4f,
	0x40, 0x40, 0x00, 0x04, 0xf9, 0xfd, 0xbd, 0xd4,
	// Entry 240 - 27F
	0xe8, 0x13, 0xf4, 0x27, 0xa3, 0x0d, 0x00, 0x00,
	0x20, 0x7b, 0x79, 0x02, 0x07, 0x84, 0x00, 0xf0,
	0xbf, 0x7f, 0xda, 0x00, 0x18, 0x04, 0x81, 0x00,
	0x00, 0x00, 0x80, 0x10, 0x94, 0x1c, 0x01, 0x00,
	0x00, 0x00, 0x00, 0x00, 0x10, 0x40, 0x00, 0x04,
	0x08, 0xb4, 0x7c, 0xa5, 0x0c, 0x40, 0x00, 0x00,
	0x91, 0x24, 0x04, 0x6c, 0x00, 0x20, 0x70, 0xff,
	0xfb, 0x7f, 0x70, 0x04, 0x05, 0x9b, 0xdd, 0x6e,
	// Entry 280 - 2BF
	0x03, 0x00, 0x11, 0x00, 0x00, 0x00, 0x40, 0x05,
	0xb5, 0xb6, 0x80, 0x08, 0x04, 0x00, 0x04, 0x51,
	0xe2, 0xff, 0xdd, 0x3f, 0x05, 0x09, 0x08, 0x05,
	0x40, 0x00, 0x00, 0x00, 0x00, 0x10, 0x00, 0x00,
	0x0c, 0x00, 0x00, 0x00, 0x00, 0xa1, 0x02, 0x60,
	0xe7, 0x48, 0x14, 0x89, 0x20, 0xc0, 0x47, 0x80,
	0x07, 0x00, 0x00, 0x00, 0x8c, 0x50, 0x40, 0x24,
	0x85, 0x47, 0x84, 0x40, 0x20, 0x10, 0x00, 0x20,
	// Entry 2C0 - 2FF
	0x02, 0x50, 0x88, 0x11, 0x00, 0xd9, 0xec, 0xee,
	0x50, 0x27, 0x1d, 0x11, 0x69, 0x0e, 0x59, 0xe9,
	0x33, 0x08, 0x00, 0x20, 0x05, 0x40, 0x10, 0x00,
	0x00, 0x00, 0x50, 0x44, 0x96, 0x49, 0xd6, 0x5d,
	0xa7, 0x83, 0x47, 0x97, 0x7b, 0x00, 0x10, 0x00,
	0x08, 0x00, 0x80, 0x00, 0x40, 0x45, 0x00, 0x01,
	0x00, 0x00, 0x01, 0x40, 0x80, 0x00, 0x44, 0x08,
	0xb8, 0xeb, 0xf6, 0x39, 0xc4, 0x8d, 0x16, 0x00,
	// Entry 300 - 33F
	0x00, 0x0c, 0x04, 0x01, 0x20, 0x20, 0xdd, 0xa2,
	0x01, 0x00, 0x00, 0x00, 0x12, 0x04, 0x00, 0x00,
	0x04, 0x10, 0xf0, 0x9d, 0x95, 0x13, 0x04, 0x80,
	0x00, 0x01, 0xd0, 0x16, 0x40, 0x00, 0x10, 0xb0,
	0x10, 0x62, 0x4c, 0xd2, 0x02, 0x01, 0x4a, 0x00,
	0x46, 0x04, 0x00, 0x08, 0x02, 0x00, 0x20, 0xc0,
	0x00, 0x80, 0x06, 0x00, 0x08, 0x00, 0x00, 0x00,
	0x00, 0xf0, 0xd8, 0x6f, 0x15, 0x02, 0x08, 0x00,
	// Entry 340 - 37F
	0x00, 0x01, 0x00, 0x00, 0x00, 0x00, 0x10, 0x01,
	0x00, 0x10, 0x00, 0x00, 0x00, 0xf8, 0x85, 0xa3,
	0xdd, 0xff, 0xff, 0xfb, 0xbb, 0xff, 0x7f, 0xdb,
	0xff, 0xfc, 0xfe, 0xdb, 0xff, 0xff, 0xff, 0xf6,
	0xfb, 0xfe, 0xf7, 0x1f, 0xff, 0xb3, 0xed, 0xff,
	0xdb, 0xed, 0xf7, 0xfe, 0xff, 0xfe, 0xdf, 0xff,
	0xff, 0xff, 0xf7, 0xff, 0xfd, 0xff, 0xff, 0x7f,
	0x75, 0xff, 0xdf, 0xaf, 0x9c, 0xff, 0xfb, 0xff,
	// Entry 380 - 3BF
	0xff, 0xff, 0xdf, 0xff, 0xef, 0xd2, 0xba, 0xdf,
	0xf5, 0xbf, 0xff, 0xff, 0xff, 0xff, 0xfe, 0xef,
	0xfd, 0xff, 0xff, 0xf7, 0xfd, 0xbf, 0xff, 0xff,
	0xef, 0xdb, 0xf7, 0xff, 0xff, 0xbf, 0xff, 0xff,
	0xff, 0x5f, 0xd3, 0x7b, 0xfd, 0xd9, 0xdf, 0xef,
	0xbc, 0x18, 0x05, 0x2c, 0xff, 0x07, 0xd0, 0xff,
	0xf5, 0xdf, 0x00, 0x08, 0x00, 0xc3, 0x7d, 0x1f,
	0x06, 0xe6, 0x72, 0xf0, 0x5d, 0x1c, 0x7f, 0x44,
	// Entry 3C0 - 3FF
	0x02, 0x30, 0x9f, 0x7a, 0x16, 0xdd, 0xff, 0x57,
	0xf2, 0xff, 0x39, 0xff, 0xf2, 0x1e, 0x95, 0xf7,
	0xf7, 0xff, 0x45, 0x80, 0x01, 0x02, 0x00, 0x20,
	0x40, 0x54, 0x9f, 0x8a, 0xdf, 0xf9, 0x6e, 0x11,
	0x86, 0x51, 0xc0, 0xfa, 0xf9, 0x47, 0x40, 0x03,
	0x05, 0xd1, 0x50, 0x5c, 0x00, 0x40, 0x00, 0x10,
	0x04, 0x02, 0x00, 0x00, 0x0a, 0x00, 0x17, 0xc2,
	0xf9, 0xfd, 0xfe, 0xff, 0xff, 0xff, 0xff, 0xff,
	// Entry 400 - 43F
	0xd7, 0x6f, 0xff, 0xff, 0xdf, 0x5d, 0xba, 0xff,
	0x7f, 0xff, 0xf7, 0xf3, 0xef, 0xff, 0xf7, 0xf7,
	0xfb, 0xdf, 0xdb, 0x7f, 0xff, 0xff, 0x7f, 0xff,
	0xff, 0xff, 0xef, 0xff, 0xbc, 0xff, 0xff, 0xfb,
	0xff, 0xfb, 0xff, 0xde, 0x76, 0xb5, 0xff, 0xf7,
	0xff, 0xff, 0xf7, 0xff, 0xff, 0xdf, 0xf3, 0xfe,
	0xef, 0xff, 0xff, 0xff, 0xff, 0x7f, 0x7f, 0xde,
	0xf7, 0xbb, 0xef, 0xf7, 0xff, 0xfb, 0xbf, 0xdf,
	// Entry 440 - 47F
	0xf9, 0xfe, 0xff, 0xff, 0xfe, 0xff, 0x5f, 0x75,
	0x7f, 0xff, 0xff, 0xf7, 0xe5, 0xfc, 0xff, 0xfd,
	0x7f, 0x7f, 0xff, 0x9f, 0xae, 0xff, 0xee, 0xff,
	0x7f, 0xf7, 0x7b, 0x02, 0x82, 0x04, 0xff, 0xf7,
	0xff, 0xbf, 0xd7, 0xef, 0xfe, 0xdf, 0xf7, 0xfe,
	0xe2, 0x8e, 0xe7, 0xff, 0xf7, 0xff, 0x56, 0xfd,
	0xcd, 0xff, 0xfb, 0xff, 0xff, 0xdf, 0xcf, 0xff,
	0xe5, 0xdf, 0x7d, 0x0f, 0xa7, 0x51, 0x06, 0xc4,
	// Entry 480 - 4BF
	0x93, 0xd0, 0x5d, 0xaf, 0xa6, 0xef, 0xb9, 0xf7,
	0x63, 0x5d, 0x5b, 0xff, 0xff, 0xbf, 0x3f, 0x20,
	0x14, 0x00, 0x57, 0x51, 0xc2, 0x65, 0xf5, 0x49,
	0xe2, 0xff, 0xfc, 0xdf, 0x02, 0x85, 0xc5, 0x05,
	0x04, 0x22, 0x00, 0x74, 0x69, 0x10, 0x08, 0x05,
	0x41, 0x00, 0x01, 0x06, 0x00, 0x00, 0x00, 0x00,
	0x00, 0x51, 0x60, 0x05, 0x04, 0x01, 0x00, 0x00,
	0x06, 0x11, 0x20, 0x00, 0x18, 0x01, 0x82, 0xe0,
	// Entry 4C0 - 4FF
	0xfd, 0x67, 0xeb, 0x06, 0x95, 0x06, 0x57, 0xed,
	0xfb, 0x4d, 0x9d, 0x7b, 0x83, 0x04, 0x62, 0x40,
	0x00, 0x15, 0x42, 0x00, 0x00, 0x00, 0x54, 0x83,
	0xf9, 0xcf, 0x10, 0x8e, 0xc9, 0x46, 0xde, 0xf7,
	0x13, 0x30, 0x00, 0x20, 0x00, 0x00, 0x00, 0x90,
	0x00, 0x00, 0x00, 0x00, 0x00, 0x0a, 0x10, 0x00,
	0x01, 0x40, 0x00, 0xf0, 0x5b, 0xf4, 0xbe, 0x7d,
	0xbe, 0xcf, 0xf7, 0xaf, 0x42, 0x04, 0x84, 0x41,
	// Entry 500 - 53F
	0xb0, 0xff, 0x79, 0x7a, 0x04, 0x00, 0x00, 0x41,
	0x2d, 0x14, 0x27, 0x7f, 0xed, 0xf1, 0xbf, 0xaf,
	0x3f, 0x00, 0x00, 0x02, 0xc6, 0xa0, 0x1e, 0xfc,
	0xbb, 0xff, 0xfd, 0xfb, 0xb7, 0xfd, 0xf7, 0xff,
	0xfd, 0x78, 0xd5, 0xed, 0x47, 0xd4, 0x7f, 0x10,
	0x01, 0x00, 0xc4, 0x6d, 0xff, 0xf7, 0xdd, 0xf9,
	0x5f, 0x05, 0x86, 0xef, 0xf5, 0x77, 0xbd, 0x3c,
	0x00, 0x00, 0x00, 0x43, 0x71, 0x42, 0x00, 0x40,
	// Entry 540 - 57F
	0x00, 0x00, 0x01, 0x43, 0x19, 0x24, 0x08, 0x00,
	0xff, 0xff, 0xff, 0xff, 0xff, 0xff, 0xff, 0xff,
	0xff, 0xff, 0xff, 0xff, 0xff, 0xff, 0xff, 0xff,
	0xff, 0xff, 0xff, 0xff, 0xff, 0xff, 0xff, 0xff,
	0xff, 0xff, 0xff, 0xff, 0xff, 0xff, 0xff, 0xff,
	0xff, 0xff, 0xff, 0xff, 0xff, 0xff, 0xff, 0xff,
	0xff, 0xff, 0xff, 0xff, 0xff, 0xff, 0xff, 0xff,
	0xff, 0xff, 0xff, 0xff, 0xff, 0xff, 0xff, 0xff,
	// Entry 580 - 5BF
	0xff, 0xff, 0xff, 0xff, 0xff, 0xff, 0xff, 0xff,
	0xff, 0xab, 0xad, 0xc7, 0x57, 0xee, 0x13, 0x5d,
	0x09, 0xc1, 0x40, 0x21, 0xfa, 0x17, 0x01, 0x80,
	0x00, 0x00, 0x00, 0x00, 0xf0, 0xde, 0xff, 0xbf,
	0x00, 0x23, 0x00, 0x00, 0x00, 0x00, 0x08, 0x00,
	0x00, 0x30, 0x95, 0xe3, 0x10, 0x00, 0x00, 0x00,
	0x11, 0x04, 0x16, 0x00, 0x00, 0x02, 0x20, 0x81,
	0xa3, 0x01, 0x50, 0x00, 0x00, 0x83, 0x11, 0x40,
	// Entry 5C0 - 5FF
	0x00, 0x00, 0x00, 0xf0, 0xdd, 0x7b, 0xfe, 0x02,
	0xaa, 0x10, 0x5d, 0xd8, 0x52, 0x00, 0x80, 0x20,
	0x00, 0x00, 0x00, 0x00, 0x40, 0x14, 0x02, 0x02,
	0x3d, 0x40, 0x10, 0x02, 0x10, 0x61, 0x5a, 0x9d,
	0x31, 0x00, 0x00, 0x00, 0x01, 0x58, 0x02, 0x20,
	0x00, 0x00, 0x01, 0x00, 0x42, 0x00, 0x20, 0x00,
	0x00, 0x1f, 0xdf, 0xd2, 0xfd, 0xff, 0xfd, 0x3f,
	0x9f, 0xd8, 0xef, 0x9c, 0xff, 0xaf, 0x5f, 0xfe,
	// Entry 600 - 63F
	0x7b, 0x4b, 0x40, 0x10, 0xe1, 0xfd, 0xaf, 0xfd,
	0xb7, 0xf7, 0xff, 0xf3, 0xdf, 0xff, 0x7f, 0xf1,
	0x7b, 0xf1, 0x7f, 0xdf, 0x7f, 0xbf, 0xfe, 0xb7,
	0xee, 0x1c, 0xfb, 0x5b, 0xef, 0xdf, 0xff, 0xf9,
	0x7e, 0xbe, 0x57, 0xff, 0x6f, 0x81, 0x66, 0x9f,
	0xd4, 0x77, 0xf5, 0xfd, 0xff, 0xff, 0xeb, 0xfe,
	0xbf, 0x5b, 0x57, 0x5b, 0xeb, 0x5d, 0x50, 0x18,
	0x42, 0xfa, 0xff, 0x9d, 0x15, 0x97, 0x15, 0x0f,
	// Entry 640 - 67F
	0x75, 0xc4, 0x7d, 0x81, 0x92, 0xf5, 0xd7, 0x7e,
	0xff, 0xff, 0xff, 0xef, 0xff, 0xfd, 0xdd, 0xde,
	0xfc, 0xfd, 0xf6, 0x5f, 0x7a, 0x3f, 0x40, 0x98,
	0x02, 0xff, 0xe3, 0xff, 0xf3, 0xd6, 0xf2, 0xff,
	0xfb, 0xdf, 0x7d, 0xd0, 0x3e, 0x15, 0x7b, 0xb4,
	0xf5, 0xbe, 0xff, 0xff, 0xf3, 0xf7, 0xff, 0xf7,
	0x7f, 0x7f, 0xff, 0xbe, 0xda, 0xf7, 0xd7, 0xf9,
	0xef, 0x2f, 0x80, 0xbf, 0xc5, 0xff, 0xff, 0xe3,
	// Entry 680 - 6BF
	0xb7, 0x9d, 0xff, 0xef, 0xf7, 0xcf, 0xfd, 0xbf,
	0xde, 0x7f, 0x56, 0x1d, 0x77, 0xff, 0xf8, 0xda,
	0x5d, 0xce, 0x7c, 0x16, 0x99, 0xea, 0x79, 0x20,
	0x1a, 0x20, 0x00, 0x30, 0x02, 0x04, 0x24, 0x48,
	0x04, 0x00, 0x00, 0x40, 0xd4, 0x02, 0x04, 0x00,
	0x00, 0x04, 0x00, 0x04, 0x00, 0x20, 0x09, 0x06,
	0x50, 0x00, 0x08, 0x00, 0x00, 0x00, 0x24, 0x00,
	0x04, 0x00, 0x10, 0xdc, 0x58, 0xd7, 0x0d, 0x0f,
	// Entry 6C0 - 6FF
	0x54, 0x4d, 0xf1, 0x16, 0x44, 0xd5, 0x42, 0x08,
	0x40, 0x02, 0x00, 0x40, 0x00, 0x08, 0x00, 0x00,
	0x00, 0xdc, 0xff, 0xeb, 0x1f, 0x58, 0x40, 0x41,
	0x24, 0xa0, 0x04, 0x00, 0x30, 0x12, 0x40, 0x22,
	0x00, 0x10, 0x00, 0x00, 0x00, 0x00, 0x00, 0x00,
	0x01, 0x00, 0x00, 0x00, 0x80, 0x10, 0x10, 0xaf,
	0x6f, 0x93, 0x00, 0x01, 0x00, 0x00, 0x00, 0x00,
	0x00, 0x00, 0x00, 0x80, 0x80, 0x25, 0x00, 0x00,
	// Entry 700 - 73F
	0x00, 0x00, 0x00, 0x00, 0x0a, 0x00, 0x00, 0x00,
	0x80, 0x86, 0xc2, 0x02, 0x00, 0x01, 0x00, 0x01,
	0xff, 0x18, 0x02, 0x00, 0x02, 0xf0, 0xfd, 0x79,
	0x3b, 0x00, 0x25, 0x00, 0x00, 0x00, 0x02, 0x00,
	0x00, 0x00, 0x00, 0x00, 0x00, 0x40, 0x00, 0x00,
	0x03, 0x00, 0x29, 0x20, 0x00, 0x00, 0x01, 0x00,
	0x00, 0x81, 0x00, 0x00, 0x00, 0x00, 0x01, 0x00,
	0x00, 0x00, 0x00, 0x00, 0x00, 0x00, 0x00, 0x00,
	// Entry 740 - 77F
	0x00, 0x00, 0x00, 0xef, 0xf7, 0xfd, 0xcf, 0x7e,
	0xb0, 0x11, 0x10, 0x00, 0x00, 0x92, 0x01, 0x46,
	0xcd, 0xf9, 0x5e, 0x00, 0x01, 0x00, 0x30, 0x14,
	0x04, 0x55, 0x10, 0x01, 0x04, 0xf6, 0x3f, 0x7a,
	0x05, 0x04, 0x00, 0xb0, 0x80, 0x20, 0x55, 0x75,
	0x97, 0x7c, 0xdf, 0x71, 0xcc, 0x78, 0xd1, 0x43,
	0xf5, 0x57, 0x67, 0x14, 0x01, 0x00, 0x00, 0x00,
	0x00, 0x00, 0x2c, 0xf7, 0xdb, 0x1f, 0x50, 0x60,
	// Entry 780 - 7BF
	0x83, 0x68, 0x01, 0x10, 0x8b, 0x38, 0xaa, 0x01,
	0x00, 0x00, 0x30, 0x00, 0x24, 0x44, 0x00, 0x00,
	0x10, 0x03, 0x31, 0x02, 0x01, 0x00, 0x00, 0xf0,
	0xf1, 0xff, 0xd5, 0xd7, 0xbc, 0x70, 0xd6, 0x38,
	0x78, 0x15, 0x50, 0x05, 0xa4, 0x84, 0xe9, 0x41,
	0x00, 0x00, 0x00, 0x6b, 0x39, 0x52, 0x74, 0x40,
	0xe8, 0x30, 0x90, 0x68, 0x92, 0x00, 0x00, 0x02,
	0xff, 0xef, 0xff, 0x4f, 0x85, 0x53, 0xf4, 0xed,
	// Entry 7C0 - 7FF
	0xdd, 0xbf, 0xf2, 0x5d, 0xc7, 0x0c, 0xf5, 0x42,
	0xfc, 0xff, 0xf7, 0x1f, 0x00, 0x80, 0xc0, 0x56,
	0xcc, 0x16, 0x96, 0xfb, 0x35, 0x7d, 0xef, 0xff,
	0xbd, 0xa4, 0xaf, 0x01, 0x44, 0x18, 0x01, 0x5d,
	0x4e, 0x4a, 0x08, 0x50, 0x28, 0x30, 0xe0, 0x80,
	0x10, 0x20, 0x24, 0x00, 0xff, 0x3f, 0xdf, 0x67,
	0xfe, 0x01, 0x06, 0x88, 0x2a, 0x40, 0x16, 0x01,
	0x01, 0x15, 0x2b, 0x3e, 0x01, 0x00, 0x00, 0x10,
	// Entry 800 - 83F
	0x90, 0x69, 0x45, 0x02, 0x02, 0x01, 0xe1, 0xbf,
	0xbf, 0x03, 0x00, 0x00, 0x10, 0xdc, 0xa7, 0xd1,
	0x54, 0x9e, 0x44, 0xdf, 0xfd, 0x8f, 0x6e, 0xb3,
	0x55, 0x20, 0xd4, 0xc3, 0xd8, 0x30, 0x3d, 0x80,
	0x00, 0x00, 0x00, 0x4c, 0xd4, 0x11, 0xc5, 0x84,
	0x6f, 0x50, 0x00, 0x22, 0x50, 0x6e, 0xbf, 0xdb,
	0x07, 0x00, 0x20, 0x10, 0x84, 0xb2, 0x45, 0x10,
	0x06, 0x44, 0x00, 0x00, 0x12, 0x02, 0x11, 0x00,
	// Entry 840 - 87F
	0xf0, 0xfb, 0xfd, 0x7f, 0x05, 0x00, 0x16, 0x89,
	0x00, 0x00, 0x00, 0x00, 0x00, 0x00, 0x0c, 0x03,
	0x00, 0x00, 0x00, 0x00, 0x03, 0x30, 0x02, 0x28,
	0x94, 0x00, 0x33, 0xc0, 0x23, 0x24, 0x00, 0x00,
	0x00, 0xcb, 0xe4, 0x32, 0x46, 0x88, 0x54, 0xf1,
	0xef, 0xff, 0x7f, 0x16, 0x01, 0x01, 0x84, 0x50,
	0x07, 0xfc, 0xff, 0xff, 0x0f, 0x01, 0x00, 0x40,
	0x10, 0x38, 0x01, 0x01, 0x1c, 0x12, 0x40, 0xe1,
	// Entry 880 - 8BF
	0x76, 0x16, 0x08, 0x03, 0x10, 0x00, 0x00, 0x00,
	0x01, 0x00, 0x00, 0x00, 0x00, 0x00, 0x20, 0x24,
	0x0a, 0x00, 0x80, 0x00, 0x00,
}

// altLangISO3 holds an alphabetically sorted list of 3-letter language code alternatives
// to 2-letter language codes that cannot be derived using the method described above.
// Each 3-letter code is followed by its 1-byte langID.
const altLangISO3 tag.Index = "---\x00cor\x00hbs\x01heb\x02kin\x03spa\x04yid\x05\xff\xff\xff\xff"

// altLangIndex is used to convert indexes in altLangISO3 to langIDs.
// Size: 12 bytes, 6 elements
var altLangIndex = [6]uint16{
	0x0176, 0x0273, 0x0124, 0x0258, 0x00b5, 0x012c,
}

// AliasMap maps langIDs to their suggested replacements.
// Size: 796 bytes, 199 elements
var AliasMap = [199]FromTo{
	0:   {From: 0x43, To: 0x6a5},
	1:   {From: 0x11d, To: 0x116},
	2:   {From: 0x124, To: 0xfd},
	3:   {From: 0x12c, To: 0x318},
	4:   {From: 0x131, To: 0x130},
	5:   {From: 0x1ce, To: 0x251},
	6:   {From: 0x1d4, To: 0x1c0},
	7:   {From: 0x1ee, To: 0x201},
	8:   {From: 0x273, To: 0x28c},
	9:   {From: 0x2ba, To: 0xc4},
	10:  {From: 0x2d3, To: 0x10},
	11:  {From: 0x336, To: 0x33c},
	12:  {From: 0x387, To: 0xaa},
	13:  {From: 0x423, To: 0x19},
	14:  {From: 0x427, To: 0xb},
	15:  {From: 0x428, To: 0x1ca9},
	16:  {From: 0x449, To: 0x28a},
	17:  {From: 0x45a, To: 0x28a},
	18:  {From: 0x4e5, To: 0x1b},
	19:  {From: 0x4f0, To: 0x111},
	20:  {From: 0x501, To: 0x341d},
	21:  {From: 0x536, To: 0x1f99},
	22:  {From: 0x5ab, To: 0x2a},
	23:  {From: 0x5b1, To: 0x2793},
	24:  {From: 0x5bd, To: 0x2b},
	25:  {From: 0x5de, To: 0xba},
	26:  {From: 0x604, To: 0x2d},
	27:  {From: 0x60d, To: 0x48},
	28:  {From: 0x676, To: 0x608},
	29:  {From: 0x6a0, To: 0x6af},
	30:  {From: 0x6bb, To: 0xcdb},
	31:  {From: 0x6f2, To: 0x114},
	32:  {From: 0x7e7, To: 0x1e3},
	33:  {From: 0x82e, To: 0x1a4},
	34:  {From: 0x835, To: 0x63},
	35:  {From: 0x8b6, To: 0x311a},
	36:  {From: 0x930, To: 0x323},
	37:  {From: 0x96d, To: 0x2452},
	38:  {From: 0x976, To: 0x9bb},
	39:  {From: 0x993, To: 0x2a1},
	40:  {From: 0x9a2, To: 0x25b},
	41:  {From: 0x9b4, To: 0x4021},
	42:  {From: 0x9b7, To: 0x323},
	43:  {From: 0x9d5, To: 0x28c},
	44:  {From: 0x9f6, To: 0x2b9f},
	45:  {From: 0xa26, To: 0x2f79},
	46:  {From: 0xab1, To: 0x89},
	47:  {From: 0xb00, To: 0x8f},
	48:  {From: 0xb88, To: 0x28b},
	49:  {From: 0xbc0, To: 0xa1},
	50:  {From: 0xbcf, To: 0x1df},
	51:  {From: 0xbf0, To: 0xbf3},
	52:  {From: 0xbf6, To: 0x329},
	53:  {From: 0xbf9, To: 0xbeb},
	54:  {From: 0xcd7, To: 0x1e52},
	55:  {From: 0xce1, To: 0x2026},
	56:  {From: 0xce6, To: 0x2c92},
	57:  {From: 0xd31, To: 0x1fc},
	58:  {From: 0xec8, To: 0xb8},
	59:  {From: 0xefc, To: 0x1b0},
	60:  {From: 0xf98, To: 0x11b},
	61:  {From: 0x1071, To: 0x10},
	62:  {From: 0x121c, To: 0xc9},
	63:  {From: 0x1268, To: 0xc0},
	64:  {From: 0x1317, To: 0xb93},
	65:  {From: 0x131b, To: 0x217},
	66:  {From: 0x132a, To: 0xeb},
	67:  {From: 0x1378, To: 0x132},
	68:  {From: 0x137b, To: 0x9b},
	69:  {From: 0x139b, To: 0x3aa7},
	70:  {From: 0x13ab, To: 0xf7},
	71:  {From: 0x1428, To: 0x2026},
	72:  {From: 0x1462, To: 0xe7},
	73:  {From: 0x147a, To: 0x161},
	74:  {From: 0x14c0, To: 0xb2},
	75:  {From: 0x14f8, To: 0x27f0},
	76:  {From: 0x1510, To: 0xe6},
	77:  {From: 0x151f, To: 0xd37},
	78:  {From: 0x1572, To: 0x131c},
	79:  {From: 0x1601, To: 0x15ae},
	80:  {From: 0x160e, To: 0x16eb},
	81:  {From: 0x1682, To: 0x290},
	82:  {From: 0x1771, To: 0x1af9},
	83:  {From: 0x186c, To: 0x29a8},
	84:  {From: 0x1882, To: 0x120},
	85:  {From: 0x1952, To: 0x123},
	86:  {From: 0x197e, To: 0x130d},
	87:  {From: 0x1b5c, To: 0x2a93},
	88:  {From: 0x1e30, To: 0x35a9},
	89:  {From: 0x1e35, To: 0x1ed5},
	90:  {From: 0x1e3a, To: 0x2bf8},
	91:  {From: 0x1e52, To: 0x1cb},
	92:  {From: 0x1edb, To: 0x171},
	93:  {From: 0x1ee6, To: 0x165},
	94:  {From: 0x1eea, To: 0x147},
	95:  {From: 0x1f07, To: 0x1fe3},
	96:  {From: 0x1f2d, To: 0x173},
	97:  {From: 0x1f58, To: 0x70b},
	98:  {From: 0x1f91, To: 0xa4},
	99:  {From: 0x1fc6, To: 0x1359},
	100: {From: 0x1fde, To: 0x4296},
	101: {From: 0x1fec, To: 0x377b},
	102: {From: 0x1ff3, To: 0x16b},
	103: {From: 0x2025, To: 0xa4},
	104: {From: 0x202f, To: 0xa4},
	105: {From: 0x2040, To: 0x1f75},
	106: {From: 0x205a, To: 0x722},
	107: {From: 0x210e, To: 0x301e},
	108: {From: 0x2162, To: 0x262d},
	109: {From: 0x217a, To: 0x315d},
	110: {From: 0x226a, To: 0x1a6},
	111: {From: 0x22dc, To: 0x1c8},
	112: {From: 0x22e8, To: 0x1c4},
	113: {From: 0x22f2, To: 0x1d7},
	114: {From: 0x2348, To: 0x953},
	115: {From: 0x23a1, To: 0x7b},
	116: {From: 0x24c1, To: 0x24ac},
	117: {From: 0x24f1, To: 0x241},
	118: {From: 0x251f, To: 0x3aa7},
	119: {From: 0x254d, To: 0x49c},
	120: {From: 0x255d, To: 0x24ac},
	121: {From: 0x2581, To: 0x4150},
	122: {From: 0x25c1, To: 0x1df9},
	123: {From: 0x26e2, To: 0x25a9},
	124: {From: 0x26e7, To: 0x262f},
	125: {From: 0x26f6, To: 0x89d},
	126: {From: 0x270c, To: 0x1f3},
	127: {From: 0x2770, To: 0xecc},
	128: {From: 0x277e, To: 0x2b9f},
	129: {From: 0x27e8, To: 0x763},
	130: {From: 0x2912, To: 0x213},
	131: {From: 0x29f4, To: 0x218},
	132: {From: 0x2a37, To: 0x3aa7},
	133: {From: 0x2ad9, To: 0x1ff9},
	134: {From: 0x2af4, To: 0x239},
	135: {From: 0x2b0b, To: 0x38f},
	136: {From: 0x2b3f, To: 0xbd},
	137: {From: 0x2b40, To: 0xbd},
	138: {From: 0x2bf7, To: 0x1bd},
	139: {From: 0x2c00, To: 0x17c4},
	140: {From: 0x2c08, To: 0xa3d},
	141: {From: 0x2c12, To: 0x2b8d},
	142: {From: 0x2c19, To: 0x181},
	143: {From: 0x2c4c, To: 0x3e},
	144: {From: 0x2c5d, To: 0x207a},
	145: {From: 0x2c8f, To: 0xf0},
	146: {From: 0x2c98, To: 0x2c93},
	147: {From: 0x2ce7, To: 0x2ccf},
	148: {From: 0x2f8b, To: 0x23c},
	149: {From: 0x315e, To: 0x3186},
	150: {From: 0x3222, To: 0x251},
	151: {From: 0x32e6, To: 0x16c8},
	152: {From: 0x3373, To: 0x249b},
	153: {From: 0x33c0, To: 0x2a93},
	154: {From: 0x33de, To: 0x278},
	155: {From: 0x33ed, To: 0x15a},
	156: {From: 0x3405, To: 0x114},
	157: {From: 0x3450, To: 0x158},
	158: {From: 0x346e, To: 0x264},
	159: {From: 0x34f5, To: 0x29b},
	160: {From: 0x353f, To: 0x393a},
	161: {From: 0x35b8, To: 0xa4},
	162: {From: 0x360e, To: 0x36ea},
	163: {From: 0x3622, To: 0x2940},
	164: {From: 0x3623, To: 0x2a93},
	165: {From: 0x3627, To: 0x55},
	166: {From: 0x362a, To: 0x3020},
	167: {From: 0x3664, To: 0x379e},
	168: {From: 0x368a, To: 0x3db8},
	169: {From: 0x3698, To: 0x2a8},
	170: {From: 0x369d, To: 0x2d8},
	171: {From: 0x36ac, To: 0x1d9c},
	172: {From: 0x36ad, To: 0x2c92},
	173: {From: 0x36f2, To: 0x36e9},
	174: {From: 0x372f, To: 0x2a4},
	175: {From: 0x3754, To: 0x2bc},
	176: {From: 0x3946, To: 0xb89},
	177: {From: 0x3970, To: 0xef2},
	178: {From: 0x3a91, To: 0x2e7},
	179: {From: 0x3db5, To: 0x95},
	180: {From: 0x4000, To: 0x889},
	181: {From: 0x40b6, To: 0x36b},
	182: {From: 0x40f1, To: 0x3d58},
	183: {From: 0x4170, To: 0x163},
	184: {From: 0x41b0, To: 0xc64},
	185: {From: 0x41c5, To: 0x9c},
	186: {From: 0x41cc, To: 0x4640},
	187: {From: 0x42a7, To: 0x311a},
	188: {From: 0x42db, To: 0x318},
	189: {From: 0x43c2, To: 0x2201},
	190: {From: 0x43d5, To: 0x24d4},
	191: {From: 0x4401, To: 0xf18},
	192: {From: 0x4408, To: 0x46a6},
	193: {From: 0x44a6, To: 0x4498},
	194: {From: 0x4536, To: 0x453d},
	195: {From: 0x460f, To: 0x32fb},
	196: {From: 0x4633, To: 0x1e83},
	197: {From: 0x470e, To: 0x1d7},
	198: {From: 0x479f, To: 0x31d},
}

// Size: 199 bytes, 199 elements
var AliasTypes = [199]AliasType{
	// Entry 0 - 3F
	0, 0, 0, 0, 0, 0, 0, 1, 2, 2, 1, 0, 0, 0, 0, 1,
	2, 1, 1, 2, 0, 0, 1, 0, 1, 2, 1, 1, 0, 0, 0, 0,
	2, 1, 1, 0, 2, 0, 0, 1, 1, 0, 1, 2, 0, 0, 1, 2,
	0, 1, 1, 1, 1, 0, 0, 0, 0, 2, 1, 1, 1, 1, 2, 1,
	// Entry 40 - 7F
	0, 1, 1, 2, 2, 0, 0, 0, 1, 1, 2, 0, 1, 0, 1, 1,
	1, 1, 0, 0, 2, 1, 0, 0, 0, 0, 0, 1, 1, 1, 1, 0,
	1, 0, 0, 0, 0, 0, 0, 0, 0, 0, 1, 0, 0, 0, 1, 2,
	2, 2, 0, 1, 0, 1, 0, 0, 0, 0, 0, 0, 0, 0, 1, 0,
	// Entry 80 - BF
	0, 0, 1, 1, 0, 0, 1, 0, 2, 1, 1, 0, 0, 0, 1, 0,
	0, 0, 0, 0, 1, 1, 2, 0, 0, 0, 2, 0, 0, 1, 1, 1,
	0, 0, 0, 0, 0, 2, 0, 0, 0, 0, 0, 0, 0, 0, 0, 1,
	1, 0, 1, 2, 0, 0, 0, 1, 0, 1, 0, 0, 1, 0, 0, 0,
	// Entry C0 - FF
	0, 0, 1, 0, 0, 1, 1,
}

const (
	_Latn = 97
	_Hani = 61
	_Hans = 63
	_Hant = 64
	_Qaaa = 156
	_Qaai = 164
	_Qabx = 205
	_Zinh = 268
	_Zyyy = 273
	_Zzzz = 274
)

// script is an alphabetically sorted list of ISO 15924 codes. The index
// of the script in the string, divided by 4, is the internal scriptID.
const script tag.Index = "" + // Size: 1104 bytes
	"----AdlmAfakAghbAhomArabAranArmiArmnAvstBaliBamuBassBatkBengBerfBhksBlis" +
	"BopoBrahBraiBugiBuhdCakmCansCariChamCherChisChrsCirtCoptCpmnCprtCyrlCyrs" +
	"DevaDiakDogrDsrtDuplEgydEgyhEgypElbaElymEthiGaraGeokGeorGlagGongGonmGoth" +
	"GranGrekGujrGukhGuruHanbHangHaniHanoHansHantHatrHebrHiraHluwHmngHmnpHntl" +
	"HrktHungIndsItalJamoJavaJpanJurcKaliKanaKawiKharKhmrKhojKitlKitsKndaKore" +
	"KpelKraiKthiLanaLaooLatfLatgLatnLekeLepcLimbLinaLinbLisuLomaLyciLydiMahj" +
	"MakaMandManiMarcMayaMedfMendMercMeroMlymModiMongMoonMrooMteiMultMymrNagm" +
	"NandNarbNbatNewaNkdbNkgbNkooNshuOgamOlckOnaoOrkhOryaOsgeOsmaOugrPalmPauc" +
	"PcunPelmPermPhagPhliPhlpPhlvPhnxPiqdPlrdPrtiPsinQaaaQaabQaacQaadQaaeQaaf" +
	"QaagQaahQaaiQaajQaakQaalQaamQaanQaaoQaapQaaqQaarQaasQaatQaauQaavQaawQaax" +
	"QaayQaazQabaQabbQabcQabdQabeQabfQabgQabhQabiQabjQabkQablQabmQabnQaboQabp" +
	"QabqQabrQabsQabtQabuQabvQabwQabxRanjRjngRohgRoroRunrSamrSaraSarbSaurSeal" +
	"SgnwShawShrdShuiSiddSidtSindSinhSogdSogoSoraSoyoSundSunuSyloSyrcSyreSyrj" +
	"SyrnTagbTakrTaleTaluTamlTangTavtTayoTeluTengTfngTglgThaaThaiTibtTirhTnsa" +
	"TodrTolsTotoTutgUgarVaiiVispVithWaraWchoWoleXpeoXsuxYeziYiiiZanbZinhZmth" +
	"ZsyeZsymZxxxZyyyZzzz\xff\xff\xff\xff"

// suppressScript is an index from langID to the dominant script for that language,
// if it exists.  If a script is given, it should be suppressed from the language tag.
// Size: 810 bytes, 810 elements
var suppressScript = [810]uint8{
	// Entry 0 - 3F
	0x00, 0x00, 0x22, 0x00, 0x00, 0x00, 0x00, 0x00,
	0x00, 0x00, 0x00, 0x00, 0x61, 0x00, 0x00, 0x00,
	0x00, 0x00, 0x00, 0x00, 0x2e, 0x00, 0x00, 0x00,
	0x00, 0x00, 0x00, 0x05, 0x00, 0x00, 0x00, 0x00,
	0x00, 0x00, 0x00, 0x0e, 0x00, 0x00, 0x00, 0x00,
	0x00, 0x00, 0x61, 0x00, 0x00, 0x00, 0x00, 0x00,
	0x00, 0x00, 0x00, 0x00, 0x00, 0x00, 0x22, 0x00,
	0x00, 0x00, 0x00, 0x00, 0x00, 0x00, 0x00, 0x22,
	// Entry 40 - 7F
	0x00, 0x00, 0x00, 0x00, 0x00, 0x00, 0x00, 0x00,
	0x00, 0x00, 0x00, 0x00, 0x00, 0x00, 0x00, 0x00,
	0x00, 0x00, 0x00, 0x00, 0x0e, 0x00, 0x00, 0x00,
	0x00, 0x00, 0x00, 0x00, 0x00, 0x61, 0x00, 0x00,
	0x00, 0x00, 0x00, 0x00, 0x00, 0x00, 0x00, 0x00,
	0x00, 0x00, 0x00, 0x00, 0x00, 0x61, 0x00, 0x00,
	0x00, 0x00, 0x00, 0x00, 0x00, 0x00, 0x00, 0x00,
	0x00, 0x61, 0x00, 0x00, 0x00, 0x00, 0x00, 0x00,
	// Entry 80 - BF
	0x00, 0x00, 0x00, 0x00, 0x00, 0x00, 0x00, 0x00,
	0x00, 0x00, 0x00, 0x00, 0x00, 0x00, 0x00, 0x61,
	0x00, 0x00, 0x00, 0x00, 0x00, 0x61, 0x61, 0x00,
	0x00, 0x00, 0x00, 0x61, 0x00, 0x00, 0x00, 0x00,
	0x00, 0x00, 0x61, 0x00, 0x00, 0x00, 0x00, 0xf7,
	0x00, 0x00, 0xf9, 0x00, 0x00, 0x00, 0x00, 0x00,
	0x00, 0x00, 0x37, 0x61, 0x61, 0x61, 0x00, 0x00,
	0x61, 0x00, 0x61, 0x00, 0x00, 0x05, 0x00, 0x00,
	// Entry C0 - FF
	0x00, 0x00, 0x61, 0x00, 0x00, 0x00, 0x61, 0x61,
	0x00, 0x61, 0x00, 0x00, 0x61, 0x61, 0x00, 0x00,
	0x00, 0x00, 0x00, 0x00, 0x00, 0x61, 0x61, 0x00,
	0x00, 0x00, 0x00, 0x00, 0x00, 0x00, 0x00, 0x00,
	0x00, 0x00, 0x00, 0x61, 0x00, 0x00, 0x61, 0x00,
	0x00, 0x00, 0x00, 0x00, 0x00, 0x00, 0x00, 0x61,
	0x38, 0x00, 0x00, 0x00, 0x00, 0x00, 0x61, 0x00,
	0x00, 0x00, 0x00, 0x00, 0x00, 0x42, 0x24, 0x00,
	// Entry 100 - 13F
	0x00, 0x00, 0x00, 0x00, 0x00, 0x00, 0x00, 0x00,
	0x00, 0x00, 0x00, 0x61, 0x61, 0x00, 0x61, 0x61,
	0x00, 0x08, 0x00, 0x00, 0x00, 0x00, 0x61, 0x00,
	0x00, 0x00, 0x00, 0x00, 0x00, 0x61, 0x00, 0x00,
	0x61, 0x61, 0x00, 0x00, 0x42, 0x00, 0x00, 0x4e,
	0x00, 0x00, 0x00, 0x00, 0x00, 0x00, 0x00, 0x00,
	0x00, 0x00, 0x31, 0x00, 0x00, 0x00, 0x00, 0x00,
	0x00, 0x00, 0x00, 0x00, 0x00, 0x00, 0x00, 0x00,
	// Entry 140 - 17F
	0x00, 0x00, 0x00, 0x00, 0x00, 0x00, 0x00, 0x00,
	0x00, 0x00, 0x00, 0x00, 0x00, 0x00, 0x00, 0x00,
	0x00, 0x00, 0x00, 0x00, 0x00, 0x22, 0x00, 0x61,
	0x00, 0x54, 0x00, 0x58, 0x00, 0x00, 0x00, 0x59,
	0x00, 0x24, 0x00, 0x00, 0x00, 0x00, 0x00, 0x00,
	0x00, 0x00, 0x00, 0x00, 0x00, 0x00, 0x00, 0x00,
	0x00, 0x00, 0x00, 0x00, 0x00, 0x00, 0x00, 0x00,
	0x00, 0x00, 0x00, 0x00, 0x00, 0x61, 0x00, 0x00,
	// Entry 180 - 1BF
	0x00, 0x00, 0x00, 0x61, 0x00, 0x00, 0x00, 0x00,
	0x00, 0x00, 0x00, 0x00, 0x00, 0x00, 0x00, 0x00,
	0x00, 0x00, 0x00, 0x00, 0x00, 0x00, 0x00, 0x00,
	0x61, 0x5e, 0x00, 0x00, 0x00, 0x61, 0x00, 0x00,
	0x00, 0x00, 0x00, 0x00, 0x00, 0x00, 0x61, 0x00,
	0x00, 0x00, 0x00, 0x00, 0x00, 0x24, 0x00, 0x00,
	0x00, 0x00, 0x00, 0x00, 0x00, 0x00, 0x61, 0x00,
	0x00, 0x00, 0x00, 0x00, 0x00, 0x61, 0x00, 0x00,
	// Entry 1C0 - 1FF
	0x00, 0x00, 0x61, 0x00, 0x00, 0x00, 0x00, 0x00,
	0x22, 0x75, 0x00, 0x00, 0x00, 0x00, 0x61, 0x00,
	0x00, 0x00, 0x00, 0x24, 0x00, 0x00, 0x00, 0x61,
	0x61, 0x00, 0x00, 0x00, 0x00, 0x00, 0x00, 0x00,
	0x00, 0x00, 0x00, 0x7c, 0x00, 0x00, 0x00, 0x00,
	0x00, 0x61, 0x00, 0x00, 0x00, 0x00, 0x61, 0x00,
	0x61, 0x00, 0x61, 0x24, 0x00, 0x00, 0x00, 0x00,
	0x00, 0x00, 0x61, 0x00, 0x61, 0x00, 0x61, 0x00,
	// Entry 200 - 23F
	0x00, 0x61, 0x00, 0x00, 0x00, 0x84, 0x61, 0x00,
	0x00, 0x61, 0x00, 0x00, 0x00, 0x00, 0x61, 0x00,
	0x00, 0x00, 0x00, 0x00, 0x00, 0x00, 0x00, 0x61,
	0x8a, 0x00, 0x00, 0x00, 0x00, 0x3a, 0x00, 0x00,
	0x00, 0x00, 0x00, 0x00, 0x00, 0x00, 0x00, 0x00,
	0x00, 0x00, 0x00, 0x00, 0x00, 0x00, 0x00, 0x61,
	0x00, 0x00, 0x00, 0x00, 0x00, 0x00, 0x00, 0x00,
	0x00, 0x05, 0x61, 0x00, 0x61, 0x00, 0x00, 0x00,
	// Entry 240 - 27F
	0x00, 0x00, 0x00, 0x00, 0x00, 0x00, 0x00, 0x00,
	0x00, 0x00, 0x61, 0x00, 0x00, 0x00, 0x00, 0x61,
	0x00, 0x61, 0x00, 0x00, 0x00, 0x22, 0x00, 0x00,
	0x61, 0x00, 0x00, 0x00, 0x00, 0x00, 0x00, 0x00,
	0x00, 0x00, 0x00, 0x00, 0x00, 0x00, 0x00, 0x00,
	0x00, 0x00, 0x00, 0x00, 0x00, 0x00, 0x00, 0x00,
	0x61, 0x00, 0x00, 0x00, 0x00, 0x00, 0xdf, 0x00,
	0x61, 0x00, 0x61, 0x00, 0x00, 0x61, 0x00, 0x00,
	// Entry 280 - 2BF
	0x00, 0x00, 0x00, 0x00, 0x00, 0x00, 0x00, 0x61,
	0x00, 0x00, 0x61, 0x00, 0x00, 0x00, 0x00, 0x00,
	0x00, 0x61, 0x00, 0x61, 0x00, 0x00, 0x00, 0x00,
	0x00, 0x00, 0x61, 0x61, 0x00, 0x00, 0x00, 0x00,
	0x00, 0x00, 0x00, 0xef, 0x00, 0x00, 0x00, 0x00,
	0x00, 0x00, 0xf3, 0x61, 0x00, 0x00, 0x00, 0xf8,
	0x00, 0x00, 0x00, 0x2e, 0x00, 0x00, 0x00, 0x61,
	0x00, 0x00, 0x61, 0x00, 0x61, 0x61, 0x00, 0x61,
	// Entry 2C0 - 2FF
	0x00, 0x00, 0x00, 0x61, 0x61, 0x00, 0x00, 0x00,
	0x61, 0x00, 0x00, 0x00, 0x00, 0x00, 0x00, 0x00,
	0x00, 0x00, 0x61, 0x00, 0x00, 0x00, 0x00, 0x00,
	0x00, 0x00, 0x00, 0x00, 0x00, 0x00, 0x00, 0x22,
	0x00, 0x00, 0x00, 0x00, 0x00, 0x05, 0x00, 0x00,
	0x00, 0x61, 0x00, 0x00, 0x61, 0x00, 0x00, 0x00,
	0x00, 0x00, 0x00, 0x00, 0x00, 0x00, 0x00, 0x00,
	0x00, 0x00, 0x00, 0x00, 0x00, 0x00, 0x00, 0x00,
	// Entry 300 - 33F
	0x00, 0x00, 0x00, 0x00, 0x00, 0x00, 0x61, 0x00,
	0x00, 0x00, 0x00, 0x00, 0x00, 0x00, 0x00, 0x00,
	0x00, 0x00, 0x00, 0x00, 0x00, 0x00, 0x00, 0x00,
	0x42, 0x00, 0x00, 0x00, 0x00, 0x00, 0x00, 0x11,
	0x00, 0x00, 0x00, 0x00, 0x00, 0x00, 0x00, 0x61,
	0x00, 0x00,
}

const (
	_001 = 1
	_419 = 31
	_BR  = 65
	_CA  = 73
	_ES  = 111
	_GB  = 124
	_MD  = 189
	_PT  = 239
	_UK  = 307
	_US  = 310
	_ZZ  = 358
	_XA  = 324
	_XC  = 326
	_XK  = 334
)

// isoRegionOffset needs to be added to the index of regionISO to obtain the regionID
// for 2-letter ISO codes. (The first isoRegionOffset regionIDs are reserved for
// the UN.M49 codes used for groups.)
const isoRegionOffset = 32

// regionTypes defines the status of a region for various standards.
// Size: 359 bytes, 359 elements
var regionTypes = [359]uint8{
	// Entry 0 - 3F
	0x00, 0x00, 0x00, 0x00, 0x00, 0x00, 0x00, 0x00,
	0x00, 0x00, 0x00, 0x00, 0x00, 0x00, 0x00, 0x00,
	0x00, 0x00, 0x00, 0x00, 0x00, 0x00, 0x00, 0x00,
	0x00, 0x00, 0x00, 0x00, 0x00, 0x00, 0x00, 0x00,
	0x05, 0x06, 0x06, 0x06, 0x06, 0x06, 0x06, 0x06,
	0x06, 0x06, 0x06, 0x06, 0x06, 0x06, 0x06, 0x06,
	0x06, 0x06, 0x06, 0x06, 0x06, 0x06, 0x06, 0x06,
	0x06, 0x06, 0x06, 0x06, 0x06, 0x06, 0x06, 0x06,
	// Entry 40 - 7F
	0x06, 0x06, 0x06, 0x06, 0x04, 0x06, 0x06, 0x06,
	0x06, 0x06, 0x06, 0x06, 0x06, 0x06, 0x06, 0x06,
	0x06, 0x06, 0x06, 0x06, 0x06, 0x04, 0x04, 0x06,
	0x04, 0x00, 0x06, 0x06, 0x06, 0x06, 0x06, 0x06,
	0x04, 0x06, 0x04, 0x06, 0x06, 0x06, 0x06, 0x00,
	0x06, 0x04, 0x06, 0x06, 0x06, 0x06, 0x06, 0x06,
	0x06, 0x06, 0x04, 0x06, 0x06, 0x06, 0x06, 0x06,
	0x00, 0x06, 0x04, 0x06, 0x06, 0x06, 0x06, 0x06,
	// Entry 80 - BF
	0x06, 0x06, 0x06, 0x06, 0x06, 0x06, 0x06, 0x06,
	0x06, 0x06, 0x06, 0x06, 0x06, 0x06, 0x06, 0x06,
	0x06, 0x06, 0x06, 0x06, 0x00, 0x04, 0x06, 0x06,
	0x06, 0x06, 0x06, 0x06, 0x06, 0x06, 0x06, 0x06,
	0x06, 0x06, 0x06, 0x06, 0x00, 0x06, 0x06, 0x06,
	0x06, 0x06, 0x06, 0x06, 0x06, 0x06, 0x06, 0x06,
	0x06, 0x06, 0x06, 0x06, 0x06, 0x06, 0x06, 0x06,
	0x06, 0x06, 0x06, 0x06, 0x06, 0x06, 0x06, 0x06,
	// Entry C0 - FF
	0x06, 0x06, 0x00, 0x06, 0x06, 0x06, 0x06, 0x06,
	0x06, 0x06, 0x06, 0x06, 0x06, 0x06, 0x06, 0x06,
	0x06, 0x06, 0x06, 0x06, 0x06, 0x06, 0x06, 0x06,
	0x00, 0x06, 0x06, 0x06, 0x06, 0x00, 0x06, 0x04,
	0x06, 0x06, 0x06, 0x06, 0x00, 0x06, 0x06, 0x06,
	0x06, 0x06, 0x06, 0x06, 0x06, 0x06, 0x06, 0x06,
	0x00, 0x06, 0x06, 0x00, 0x06, 0x05, 0x05, 0x05,
	0x05, 0x05, 0x05, 0x05, 0x05, 0x05, 0x05, 0x05,
	// Entry 100 - 13F
	0x05, 0x05, 0x05, 0x06, 0x00, 0x06, 0x06, 0x06,
	0x06, 0x06, 0x06, 0x06, 0x06, 0x06, 0x06, 0x06,
	0x06, 0x06, 0x06, 0x06, 0x06, 0x06, 0x06, 0x06,
	0x06, 0x06, 0x06, 0x06, 0x06, 0x06, 0x06, 0x04,
	0x06, 0x06, 0x06, 0x06, 0x06, 0x06, 0x06, 0x06,
	0x06, 0x06, 0x06, 0x06, 0x06, 0x06, 0x06, 0x06,
	0x06, 0x06, 0x06, 0x02, 0x06, 0x04, 0x06, 0x06,
	0x06, 0x06, 0x06, 0x00, 0x06, 0x06, 0x06, 0x06,
	// Entry 140 - 17F
	0x06, 0x06, 0x00, 0x06, 0x05, 0x05, 0x05, 0x05,
	0x05, 0x05, 0x05, 0x05, 0x05, 0x05, 0x05, 0x05,
	0x05, 0x05, 0x05, 0x05, 0x05, 0x05, 0x05, 0x05,
	0x05, 0x05, 0x05, 0x05, 0x05, 0x05, 0x04, 0x06,
	0x06, 0x04, 0x06, 0x06, 0x04, 0x06, 0x05,
}

// regionISO holds a list of alphabetically sorted 2-letter ISO region codes.
// Each 2-letter codes is followed by two bytes with the following meaning:
//   - [A-Z}{2}: the first letter of the 2-letter code plus these two
//     letters form the 3-letter ISO code.
//   - 0, n:     index into altRegionISO3.
const regionISO tag.Index = "" + // Size: 1312 bytes
	"AAAAACSCADNDAEREAFFGAGTGAIIAALLBAMRMANNTAOGOAQTAARRGASSMATUTAUUSAWBWAXLA" +
	"AZZEBAIHBBRBBDGDBEELBFFABGGRBHHRBIDIBJENBLLMBMMUBNRNBOOLBQESBRRABSHSBTTN" +
	"BUURBVVTBWWABYLRBZLZCAANCCCKCDODCFAFCGOGCHHECIIVCKOKCLHLCMMRCNHNCOOLCPPT" +
	"CQ  CRRICS\x00\x00CTTECUUBCVPVCWUWCXXRCYYPCZZEDDDRDEEUDGGADJJIDKNKDMMADO" +
	"OMDYHYDZZAEA  ECCUEESTEGGYEHSHERRIESSPETTHEU\x00\x03EZ  FIINFJJIFKLKFMSM" +
	"FOROFQ\x00\x18FRRAFXXXGAABGBBRGDRDGEEOGFUFGGGYGHHAGIIBGLRLGMMBGNINGPLPGQ" +
	"NQGRRCGS\x00\x06GTTMGUUMGWNBGYUYHKKGHMMDHNNDHRRVHTTIHUUNHVVOIC  IDDNIERL" +
	"ILSRIMMNINNDIOOTIQRQIRRNISSLITTAJEEYJMAMJOORJPPNJTTNKEENKGGZKHHMKIIRKM" +
	"\x00\x09KNNAKP\x00\x0cKRORKWWTKY\x00\x0fKZAZLAAOLBBNLCCALIIELKKALRBRLSSO" +
	"LTTULUUXLVVALYBYMAARMCCOMDDAMENEMFAFMGDGMHHLMIIDMKKDMLLIMMMRMNNGMOACMPNP" +
	"MQTQMRRTMSSRMTLTMUUSMVDVMWWIMXEXMYYSMZOZNAAMNCCLNEERNFFKNGGANHHBNIICNLLD" +
	"NOORNPPLNQ\x00\x1eNRRUNTTZNUIUNZZLOMMNPAANPCCIPEERPFYFPGNGPHHLPKAKPLOLPM" +
	"\x00\x12PNCNPRRIPSSEPTRTPUUSPWLWPYRYPZCZQAATQMMMQNNNQOOOQPPPQQQQQRRRQSSS" +
	"QTTTQU\x00\x03QVVVQWWWQXXXQYYYQZZZREEURHHOROOURS\x00\x15RUUSRWWASAAUSBLB" +
	"SCYCSDDNSEWESGGPSHHNSIVNSJJMSKVKSLLESMMRSNENSOOMSRURSSSDSTTPSUUNSVLVSXXM" +
	"SYYRSZWZTAAATCCATDCDTF\x00\x18TGGOTHHATJJKTKKLTLLSTMKMTNUNTOONTPMPTRURTT" +
	"TOTVUVTWWNTZZAUAKRUGGAUK  UMMIUN  USSAUYRYUZZBVAATVCCTVDDRVEENVGGBVIIRVN" +
	"NMVUUTWFLFWKAKWSSMXAAAXBBBXCCCXDDDXEEEXFFFXGGGXHHHXIIIXJJJXKKKXLLLXMMMXN" +
	"NNXOOOXPPPXQQQXRRRXSSSXTTTXUUUXVVVXWWWXXXXXYYYXZZZYDMDYEEMYT\x00\x1bYUUG" +
	"ZAAFZMMBZRARZWWEZZZZ\xff\xff\xff\xff"

// altRegionISO3 holds a list of 3-letter region codes that cannot be
// mapped to 2-letter codes using the default algorithm. This is a short list.
const altRegionISO3 string = "SCGQUUSGSCOMPRKCYMSPMSRBATFMYTATN"

// altRegionIDs holds a list of regionIDs the positions of which match those
// of the 3-letter ISO codes in altRegionISO3.
// Size: 22 bytes, 11 elements
var altRegionIDs = [11]uint16{
	0x0058, 0x0071, 0x0089, 0x00a9, 0x00ab, 0x00ae, 0x00eb, 0x0106,
	0x0122, 0x0160, 0x00dd,
}

// Size: 80 bytes, 20 elements
var regionOldMap = [20]FromTo{
	0:  {From: 0x44, To: 0xc5},
	1:  {From: 0x59, To: 0xa8},
	2:  {From: 0x60, To: 0x61},
	3:  {From: 0x67, To: 0x3b},
	4:  {From: 0x7a, To: 0x79},
	5:  {From: 0x94, To: 0x37},
	6:  {From: 0xa4, To: 0x134},
	7:  {From: 0xc2, To: 0x134},
	8:  {From: 0xd8, To: 0x140},
	9:  {From: 0xdd, To: 0x2b},
	10: {From: 0xf0, To: 0x134},
	11: {From: 0xf3, To: 0xe3},
	12: {From: 0xfd, To: 0x71},
	13: {From: 0x104, To: 0x165},
	14: {From: 0x12b, To: 0x127},
	15: {From: 0x133, To: 0x7c},
	16: {From: 0x13b, To: 0x13f},
	17: {From: 0x142, To: 0x134},
	18: {From: 0x15e, To: 0x15f},
	19: {From: 0x164, To: 0x4b},
}

// m49 maps regionIDs to UN.M49 codes. The first isoRegionOffset entries are
// codes indicating collections of regions.
// Size: 718 bytes, 359 elements
var m49 = [359]int16{
	// Entry 0 - 3F
	0, 1, 2, 3, 5, 9, 11, 13,
	14, 15, 17, 18, 19, 21, 29, 30,
	34, 35, 39, 53, 54, 57, 61, 142,
	143, 145, 150, 151, 154, 155, 202, 419,
	958, 0, 20, 784, 4, 28, 660, 8,
	51, 530, 24, 10, 32, 16, 40, 36,
	533, 248, 31, 70, 52, 50, 56, 854,
	100, 48, 108, 204, 652, 60, 96, 68,
	// Entry 40 - 7F
	535, 76, 44, 64, 104, 74, 72, 112,
	84, 124, 166, 180, 140, 178, 756, 384,
	184, 152, 120, 156, 170, 0, 0, 188,
	891, 296, 192, 132, 531, 162, 196, 203,
	278, 276, 0, 262, 208, 212, 214, 204,
	12, 0, 218, 233, 818, 732, 232, 724,
	231, 967, 0, 246, 242, 238, 583, 234,
	0, 250, 249, 266, 826, 308, 268, 254,
	// Entry 80 - BF
	831, 288, 292, 304, 270, 324, 312, 226,
	300, 239, 320, 316, 624, 328, 344, 334,
	340, 191, 332, 348, 854, 0, 360, 372,
	376, 833, 356, 86, 368, 364, 352, 380,
	832, 388, 400, 392, 581, 404, 417, 116,
	296, 174, 659, 408, 410, 414, 136, 398,
	418, 422, 662, 438, 144, 430, 426, 440,
	442, 428, 434, 504, 492, 498, 499, 663,
	// Entry C0 - FF
	450, 584, 581, 807, 466, 104, 496, 446,
	580, 474, 478, 500, 470, 480, 462, 454,
	484, 458, 508, 516, 540, 562, 574, 566,
	548, 558, 528, 578, 524, 10, 520, 536,
	570, 554, 512, 591, 0, 604, 258, 598,
	608, 586, 616, 666, 612, 630, 275, 620,
	581, 585, 600, 591, 634, 959, 960, 961,
	962, 963, 964, 965, 966, 967, 968, 969,
	// Entry 100 - 13F
	970, 971, 972, 638, 716, 642, 688, 643,
	646, 682, 90, 690, 729, 752, 702, 654,
	705, 744, 703, 694, 674, 686, 706, 740,
	728, 678, 810, 222, 534, 760, 748, 0,
	796, 148, 260, 768, 764, 762, 772, 626,
	795, 788, 776, 626, 792, 780, 798, 158,
	834, 804, 800, 826, 581, 0, 840, 858,
	860, 336, 670, 704, 862, 92, 850, 704,
	// Entry 140 - 17F
	548, 876, 581, 882, 973, 974, 975, 976,
	977, 978, 979, 980, 981, 982, 983, 984,
	985, 986, 987, 988, 989, 990, 991, 992,
	993, 994, 995, 996, 997, 998, 720, 887,
	175, 891, 710, 894, 180, 716, 999,
}

// m49Index gives indexes into fromM49 based on the three most significant bits
// of a 10-bit UN.M49 code. To search an UN.M49 code in fromM49, search in
//
//	fromM49[m49Index[msb39(code)]:m49Index[msb3(code)+1]]
//
// for an entry where the first 7 bits match the 7 lsb of the UN.M49 code.
// The region code is stored in the 9 lsb of the indexed value.
// Size: 18 bytes, 9 elements
var m49Index = [9]int16{
	0, 59, 108, 143, 181, 220, 259, 291,
	333,
}

// fromM49 contains entries to map UN.M49 codes to regions. See m49Index for details.
// Size: 666 bytes, 333 elements
var fromM49 = [333]uint16{
	// Entry 0 - 3F
	0x0201, 0x0402, 0x0603, 0x0824, 0x0a04, 0x1027, 0x1205, 0x142b,
	0x1606, 0x1868, 0x1a07, 0x1c08, 0x1e09, 0x202d, 0x220a, 0x240b,
	0x260c, 0x2822, 0x2a0d, 0x302a, 0x3825, 0x3a0e, 0x3c0f, 0x3e32,
	0x402c, 0x4410, 0x4611, 0x482f, 0x4e12, 0x502e, 0x5842, 0x6039,
	0x6435, 0x6628, 0x6834, 0x6a13, 0x6c14, 0x7036, 0x7215, 0x783d,
	0x7a16, 0x8043, 0x883f, 0x8c33, 0x9046, 0x9445, 0x9841, 0xa848,
	0xac9b, 0xb50a, 0xb93d, 0xc03e, 0xc838, 0xd0c5, 0xd83a, 0xe047,
	0xe8a7, 0xf052, 0xf849, 0x085b, 0x10ae, 0x184c, 0x1c17, 0x1e18,
	// Entry 40 - 7F
	0x20b4, 0x2219, 0x2921, 0x2c1a, 0x2e1b, 0x3051, 0x341c, 0x361d,
	0x3853, 0x3d2f, 0x445d, 0x4c4a, 0x5454, 0x5ca9, 0x5f60, 0x644d,
	0x684b, 0x7050, 0x7857, 0x7e91, 0x805a, 0x885e, 0x941e, 0x965f,
	0x983b, 0xa064, 0xa865, 0xac66, 0xb46a, 0xbd1b, 0xc487, 0xcc70,
	0xce70, 0xd06e, 0xd26b, 0xd477, 0xdc75, 0xde89, 0xe474, 0xec73,
	0xf031, 0xf27a, 0xf479, 0xfc7f, 0x04e6, 0x0922, 0x0c63, 0x147b,
	0x187e, 0x1c84, 0x26ee, 0x2861, 0x2c60, 0x3061, 0x4081, 0x4882,
	0x50a8, 0x5888, 0x6083, 0x687d, 0x7086, 0x788b, 0x808a, 0x8885,
	// Entry 80 - BF
	0x908d, 0x9892, 0x9c8f, 0xa139, 0xa890, 0xb08e, 0xb893, 0xc09e,
	0xc89a, 0xd096, 0xd89d, 0xe09c, 0xe897, 0xf098, 0xf89f, 0x004f,
	0x08a1, 0x10a3, 0x1caf, 0x20a2, 0x28a5, 0x30ab, 0x34ac, 0x3cad,
	0x42a6, 0x44b0, 0x461f, 0x4cb1, 0x54b6, 0x58b9, 0x5cb5, 0x64ba,
	0x6cb3, 0x70b7, 0x74b8, 0x7cc7, 0x84c0, 0x8ccf, 0x94d1, 0x9cce,
	0xa4c4, 0xaccc, 0xb4c9, 0xbcca, 0xc0cd, 0xc8d0, 0xd8bc, 0xe0c6,
	0xe4bd, 0xe6be, 0xe8cb, 0xf0bb, 0xf8d2, 0x00e2, 0x08d3, 0x10de,
	0x18dc, 0x20da, 0x2429, 0x265c, 0x2a30, 0x2d1c, 0x2e40, 0x30df,
	// Entry C0 - FF
	0x38d4, 0x4940, 0x54e1, 0x5cd9, 0x64d5, 0x6cd7, 0x74e0, 0x7cd6,
	0x84db, 0x88c8, 0x8b34, 0x8e76, 0x90c1, 0x92f1, 0x94e9, 0x9ee3,
	0xace7, 0xb0f2, 0xb8e5, 0xc0e8, 0xc8ec, 0xd0ea, 0xd8ef, 0xe08c,
	0xe527, 0xeced, 0xf4f4, 0xfd03, 0x0505, 0x0707, 0x0d08, 0x183c,
	0x1d0f, 0x26aa, 0x2826, 0x2cb2, 0x2ebf, 0x34eb, 0x3d3a, 0x4514,
	0x4d19, 0x5509, 0x5d15, 0x6106, 0x650b, 0x6d13, 0x7d0e, 0x7f12,
	0x813f, 0x8310, 0x8516, 0x8d62, 0x9965, 0xa15e, 0xa86f, 0xb118,
	0xb30c, 0xb86d, 0xc10c, 0xc917, 0xd111, 0xd91e, 0xe10d, 0xe84e,
	// Entry 100 - 13F
	0xf11d, 0xf525, 0xf924, 0x0123, 0x0926, 0x112a, 0x192d, 0x2023,
	0x2929, 0x312c, 0x3728, 0x3920, 0x3d2e, 0x4132, 0x4931, 0x4ec3,
	0x551a, 0x646c, 0x747c, 0x7e80, 0x80a0, 0x8299, 0x8530, 0x9136,
	0xa53e, 0xac37, 0xb537, 0xb938, 0xbd3c, 0xd941, 0xe543, 0xed5f,
	0xef5f, 0xf658, 0xfd63, 0x7c20, 0x7ef5, 0x80f6, 0x82f7, 0x84f8,
	0x86f9, 0x88fa, 0x8afb, 0x8cfc, 0x8e71, 0x90fe, 0x92ff, 0x9500,
	0x9701, 0x9902, 0x9b44, 0x9d45, 0x9f46, 0xa147, 0xa348, 0xa549,
	0xa74a, 0xa94b, 0xab4c, 0xad4d, 0xaf4e, 0xb14f, 0xb350, 0xb551,
	// Entry 140 - 17F
	0xb752, 0xb953, 0xbb54, 0xbd55, 0xbf56, 0xc157, 0xc358, 0xc559,
	0xc75a, 0xc95b, 0xcb5c, 0xcd5d, 0xcf66,
}

// Size: 2641 bytes
var variantIndex = map[string]uint8{
	"1606nict": 0x0,
	"1694acad": 0x1,
	"1901":     0x2,
	"1959acad": 0x3,
	"1994":     0x82,
	"1996":     0x4,
	"abl1943":  0x5,
	"akhmimic": 0x6,
	"akuapem":  0x7,
	"alalc97":  0x84,
	"aluku":    0x8,
	"anpezo":   0x9,
	"ao1990":   0xa,
	"aranes":   0xb,
	"arevela":  0xc,
	"arevmda":  0xd,
	"arkaika":  0xe,
	"asante":   0xf,
	"auvern":   0x10,
	"baku1926": 0x11,
	"balanka":  0x12,
	"barla":    0x13,
	"basiceng": 0x14,
	"bauddha":  0x15,
	"bciav":    0x16,
	"bcizbl":   0x17,
	"biscayan": 0x18,
	"biske":    0x7d,
	"blasl":    0x19,
	"bohairic": 0x1a,
	"bohoric":  0x1b,
	"boont":    0x1c,
	"bornholm": 0x1d,
	"cisaup":   0x1e,
	"colb1945": 0x1f,
	"cornu":    0x20,
	"creiss":   0x21,
	"dajnko":   0x22,
	"ekavsk":   0x23,
	"emodeng":  0x24,
	"fascia":   0x25,
	"fayyumic": 0x26,
	"fodom":    0x27,
	"fonipa":   0x85,
	"fonkirsh": 0x86,
	"fonnapa":  0x87,
	"fonupa":   0x88,
	"fonxsamp": 0x89,
	"gallo":    0x28,
	"gascon":   0x29,
	"gherd":    0x2a,
	"grclass":  0x2b,
	"grital":   0x2c,
	"grmistr":  0x2d,
	"hanoi":    0x2e,
	"hepburn":  0x2f,
	"heploc":   0x83,
	"hognorsk": 0x30,
	"hsistemo": 0x31,
	"huett":    0x32,
	"ijekavsk": 0x33,
	"itihasa":  0x34,
	"ivanchov": 0x35,
	"jauer":    0x36,
	"jyutping": 0x37,
	"kkcor":    0x38,
	"kleinsch": 0x39,
	"kociewie": 0x3a,
	"kscor":    0x3b,
	"laukika":  0x3c,
	"leidentr": 0x3d,
	"lemosin":  0x3e,
	"lengadoc": 0x3f,
	"lipaw":    0x7e,
	"ltg1929":  0x40,
	"ltg2007":  0x41,
	"luna1918": 0x42,
	"lycopol":  0x43,
	"mdcegyp":  0x44,
	"mdctrans": 0x45,
	"mesokem":  0x46,
	"metelko":  0x47,
	"moderat":  0x48,
	"monoton":  0x49,
	"ndyuka":   0x4a,
	"nedis":    0x4b,
	"newfound": 0x4c,
	"nicard":   0x4d,
	"njiva":    0x7f,
	"nulik":    0x4e,
	"osojs":    0x80,
	"oxendict": 0x4f,
	"pahawh2":  0x50,
	"pahawh3":  0x51,
	"pahawh4":  0x52,
	"pamaka":   0x53,
	"peano":    0x54,
	"pehoeji":  0x55,
	"petr1708": 0x56,
	"pinyin":   0x57,
	"polyton":  0x58,
	"provenc":  0x59,
	"puter":    0x5a,
	"radikalt": 0x5b,
	"rigik":    0x5c,
	"rozaj":    0x5d,
	"rumgr":    0x5e,
	"sahidic":  0x5f,
	"saigon":   0x60,
	"scotland": 0x61,
	"scouse":   0x62,
	"simple":   0x8a,
	"slepe":    0x63,
	"solba":    0x81,
	"sotav":    0x64,
	"spanglis": 0x65,
	"stadi":    0x66,
	"surmiran": 0x67,
	"sursilv":  0x68,
	"sutsilv":  0x69,
	"synnejyl": 0x6a,
	"taglish":  0x6b,
	"tailo":    0x6c,
	"tarask":   0x6d,
	"tongyong": 0x6e,
	"tunumiit": 0x6f,
	"uccor":    0x70,
	"ucrcor":   0x71,
	"ulster":   0x72,
	"unifon":   0x73,
	"vaidika":  0x74,
	"valbadia": 0x75,
	"valencia": 0x76,
	"vallader": 0x77,
	"vecdruka": 0x78,
	"viennese": 0x79,
	"vivaraup": 0x7a,
	"wadegile": 0x7b,
	"xsistemo": 0x7c,
}

// variantNumSpecialized is the number of specialized variants in variants.
const variantNumSpecialized = 132

// nRegionGroups is the number of region groups.
const nRegionGroups = 33

type likelyLangRegion struct {
	lang   uint16
	region uint16
}

// likelyScript is a lookup table, indexed by scriptID, for the most likely
// languages and regions given a script.
// Size: 1104 bytes, 276 elements
var likelyScript = [276]likelyLangRegion{
	1:   {lang: 0xc0, region: 0x85},
	3:   {lang: 0x302, region: 0x32},
	4:   {lang: 0xf, region: 0x9a},
	5:   {lang: 0x1b, region: 0x6c},
	7:   {lang: 0x1c, region: 0x9d},
	8:   {lang: 0x111, region: 0x28},
	9:   {lang: 0xa, region: 0x9d},
	10:  {lang: 0x2e, region: 0x96},
	11:  {lang: 0x32, region: 0x52},
	12:  {lang: 0x5f, region: 0xb5},
	13:  {lang: 0x33, region: 0x96},
	14:  {lang: 0x54, region: 0x35},
	15:  {lang: 0x31e, region: 0x10c},
	16:  {lang: 0x25b, region: 0x9a},
	18:  {lang: 0x323, region: 0x12f},
	19:  {lang: 0x22d, region: 0x9a},
	20:  {lang: 0xc9, region: 0x79},
	21:  {lang: 0x65, region: 0x96},
	22:  {lang: 0x4e, region: 0xe8},
	23:  {lang: 0x74, region: 0x35},
	24:  {lang: 0x123, region: 0x49},
	25:  {lang: 0x305, region: 0x12c},
	26:  {lang: 0x81, region: 0x13f},
	27:  {lang: 0x7e, region: 0x136},
	29:  {lang: 0x304, region: 0x138},
	31:  {lang: 0x87, region: 0x6c},
	32:  {lang: 0x0, region: 0x5e},
	33:  {lang: 0xac, region: 0x5e},
	34:  {lang: 0x255, region: 0x107},
	36:  {lang: 0xfe, region: 0x9a},
	37:  {lang: 0xa7, region: 0xce},
	38:  {lang: 0xa1, region: 0x9a},
	40:  {lang: 0xc9, region: 0x79},
	43:  {lang: 0xb0, region: 0x6c},
	44:  {lang: 0x28a, region: 0x27},
	45:  {lang: 0x1c, region: 0x9d},
	46:  {lang: 0x14, region: 0x70},
	47:  {lang: 0x2fe, region: 0x115},
	49:  {lang: 0x132, region: 0x7e},
	50:  {lang: 0x93, region: 0x38},
	51:  {lang: 0x2ff, region: 0x9a},
	52:  {lang: 0xb6, region: 0x9a},
	53:  {lang: 0xea, region: 0x131},
	54:  {lang: 0x25b, region: 0x9a},
	55:  {lang: 0xb2, region: 0x88},
	56:  {lang: 0xf0, region: 0x9a},
	57:  {lang: 0xf7, region: 0xdc},
	58:  {lang: 0x21d, region: 0x9a},
	59:  {lang: 0x323, region: 0x12f},
	60:  {lang: 0x15f, region: 0xac},
	61:  {lang: 0x323, region: 0x53},
	62:  {lang: 0x106, region: 0xe8},
	63:  {lang: 0x323, region: 0x53},
	64:  {lang: 0x323, region: 0x12f},
	65:  {lang: 0x1c, region: 0x9c},
	66:  {lang: 0xfd, region: 0x98},
	67:  {lang: 0x127, region: 0xa3},
	68:  {lang: 0x101, region: 0x12c},
	69:  {lang: 0x105, region: 0xb0},
	70:  {lang: 0x1e1, region: 0x136},
	73:  {lang: 0x10f, region: 0x93},
	75:  {lang: 0xb9, region: 0x9f},
	76:  {lang: 0x15f, region: 0xac},
	77:  {lang: 0x130, region: 0x96},
	78:  {lang: 0x127, region: 0xa3},
	80:  {lang: 0xb1, region: 0xc5},
	81:  {lang: 0x127, region: 0xa3},
	82:  {lang: 0x139, region: 0x96},
	83:  {lang: 0x229, region: 0xe9},
	84:  {lang: 0x159, region: 0xa7},
	85:  {lang: 0x268, region: 0x9a},
	87:  {lang: 0x324, region: 0x53},
	88:  {lang: 0x15b, region: 0x9a},
	89:  {lang: 0x15f, region: 0xac},
	91:  {lang: 0x2f, region: 0x9a},
	92:  {lang: 0x46, region: 0x9a},
	93:  {lang: 0x202, region: 0x124},
	94:  {lang: 0x199, region: 0xb0},
	99:  {lang: 0x189, region: 0x9a},
	100: {lang: 0x18d, region: 0x9a},
	101: {lang: 0x17e, region: 0x88},
	102: {lang: 0xe5, region: 0x88},
	103: {lang: 0x191, region: 0x53},
	105: {lang: 0x308, region: 0x12c},
	106: {lang: 0x309, region: 0x12c},
	107: {lang: 0xfe, region: 0x9a},
	108: {lang: 0x1ae, region: 0x96},
	109: {lang: 0x1e6, region: 0x9d},
	110: {lang: 0x30b, region: 0x53},
	111: {lang: 0x55, region: 0x53},
	113: {lang: 0x9f, region: 0xd7},
	114: {lang: 0x1b6, region: 0x113},
	115: {lang: 0x30c, region: 0x10c},
	116: {lang: 0x30c, region: 0x10c},
	117: {lang: 0x1c9, region: 0x9a},
	118: {lang: 0x1d3, region: 0x9a},
	119: {lang: 0x1cb, region: 0x53},
	121: {lang: 0x1d6, region: 0x35},
	122: {lang: 0x1cc, region: 0x9a},
	123: {lang: 0x279, region: 0xe9},
	124: {lang: 0x1e3, region: 0xc5},
	125: {lang: 0x2e3, region: 0x9a},
	126: {lang: 0x25b, region: 0x9a},
	127: {lang: 0x30d, region: 0x109},
	128: {lang: 0x1c, region: 0xa2},
	129: {lang: 0x1f4, region: 0xdc},
	132: {lang: 0x1b0, region: 0x85},
	134: {lang: 0x271, region: 0x97},
	135: {lang: 0x260, region: 0x9a},
	136: {lang: 0x2e3, region: 0x9a},
	137: {lang: 0x21b, region: 0xc6},
	138: {lang: 0x218, region: 0x9a},
	139: {lang: 0x21a, region: 0x136},
	140: {lang: 0x287, region: 0x116},
	141: {lang: 0x21c, region: 0x53},
	142: {lang: 0x1c, region: 0x11d},
	143: {lang: 0x92, region: 0xc5},
	146: {lang: 0x173, region: 0x107},
	147: {lang: 0x1a8, region: 0x53},
	148: {lang: 0x21f, region: 0x9d},
	149: {lang: 0x21f, region: 0x53},
	151: {lang: 0x22a, region: 0xb1},
	153: {lang: 0x102, region: 0x53},
	154: {lang: 0x310, region: 0x9d},
	207: {lang: 0x243, region: 0x96},
	208: {lang: 0x245, region: 0xc5},
	210: {lang: 0x204, region: 0x10d},
	211: {lang: 0x282, region: 0x98},
	213: {lang: 0x311, region: 0x15f},
	214: {lang: 0x262, region: 0x9a},
	216: {lang: 0x25, region: 0x136},
	217: {lang: 0xb3, region: 0x7c},
	218: {lang: 0x25b, region: 0x9a},
	220: {lang: 0x25b, region: 0x9a},
	221: {lang: 0x312, region: 0x12c},
	222: {lang: 0x268, region: 0x9a},
	223: {lang: 0x276, region: 0xb4},
	224: {lang: 0x288, region: 0x138},
	225: {lang: 0x288, region: 0x138},
	226: {lang: 0x28d, region: 0x9a},
	227: {lang: 0x85, region: 0xc6},
	228: {lang: 0x296, region: 0x96},
	229: {lang: 0x299, region: 0xdc},
	230: {lang: 0x2a0, region: 0x35},
	231: {lang: 0x2a1, region: 0x9c},
	235: {lang: 0x2a5, region: 0xe8},
	236: {lang: 0xa1, region: 0x9a},
	237: {lang: 0x2a7, region: 0x53},
	238: {lang: 0x14b, region: 0x53},
	239: {lang: 0x2a3, region: 0x9a},
	240: {lang: 0x2d5, region: 0x53},
	241: {lang: 0x51, region: 0x13f},
	242: {lang: 0x2d8, region: 0x13f},
	243: {lang: 0x2aa, region: 0x9a},
	245: {lang: 0x322, region: 0xbb},
	246: {lang: 0xc4, region: 0xe8},
	247: {lang: 0xa7, region: 0xce},
	248: {lang: 0x2af, region: 0x124},
	249: {lang: 0x55, region: 0x53},
	250: {lang: 0x1ad, region: 0x9a},
	251: {lang: 0x20a, region: 0x9a},
	252: {lang: 0x28a, region: 0x27},
	253: {lang: 0x16b, region: 0x9a},
	254: {lang: 0x2d6, region: 0x9a},
	255: {lang: 0x25b, region: 0x9a},
	256: {lang: 0x2de, region: 0x11d},
	257: {lang: 0x2e8, region: 0xb5},
	259: {lang: 0x28a, region: 0x27},
	260: {lang: 0x109, region: 0x9a},
	261: {lang: 0x200, region: 0x9a},
	263: {lang: 0x227, region: 0x9d},
	264: {lang: 0x11, region: 0x9c},
	265: {lang: 0x171, region: 0x7e},
	266: {lang: 0x11a, region: 0x53},
	267: {lang: 0x85, region: 0xc6},
}

type likelyScriptRegion struct {
	region uint16
	script uint16
	flags  uint8
}

// likelyLang is a lookup table, indexed by langID, for the most likely
// scripts and regions given incomplete information. If more entries exist for a
// given language, region and script are the index and size respectively
// of the list in likelyLangList.
// Size: 4860 bytes, 810 elements
var likelyLang = [810]likelyScriptRegion{
	0:   {region: 0x136, script: 0x61, flags: 0x0},
	1:   {region: 0x70, script: 0x61, flags: 0x0},
	2:   {region: 0x7e, script: 0x22, flags: 0x0},
	3:   {region: 0x0, script: 0x3, flags: 0x1},
	4:   {region: 0x81, script: 0x61, flags: 0x0},
	5:   {region: 0x96, script: 0x61, flags: 0x0},
	6:   {region: 0x132, script: 0x61, flags: 0x0},
	7:   {region: 0x8a, script: 0x61, flags: 0x0},
	8:   {region: 0x81, script: 0x61, flags: 0x0},
	9:   {region: 0x107, script: 0x22, flags: 0x0},
	10:  {region: 0x9d, script: 0x9, flags: 0x0},
	11:  {region: 0x129, script: 0x5, flags: 0x0},
	12:  {region: 0x162, script: 0x61, flags: 0x0},
	13:  {region: 0x52, script: 0x61, flags: 0x0},
	14:  {region: 0x8a, script: 0x61, flags: 0x0},
	15:  {region: 0x9a, script: 0x4, flags: 0x0},
	16:  {region: 0x81, script: 0x61, flags: 0x0},
	17:  {region: 0x9c, script: 0x108, flags: 0x0},
	18:  {region: 0x14e, script: 0x61, flags: 0x0},
	19:  {region: 0x107, script: 0x22, flags: 0x0},
	20:  {region: 0x70, script: 0x2e, flags: 0x0},
	21:  {region: 0xd7, script: 0x61, flags: 0x0},
	22:  {region: 0x6f, script: 0x61, flags: 0x0},
	23:  {region: 0xd7, script: 0x61, flags: 0x0},
	24:  {region: 0x96, script: 0x61, flags: 0x0},
	25:  {region: 0x11d, script: 0x5, flags: 0x0},
	26:  {region: 0x10c, script: 0x5, flags: 0x0},
	27:  {region: 0x6c, script: 0x5, flags: 0x0},
	28:  {region: 0x3, script: 0x4, flags: 0x1},
	29:  {region: 0x51, script: 0x61, flags: 0x0},
	30:  {region: 0x3f, script: 0x61, flags: 0x0},
	31:  {region: 0x68, script: 0x5, flags: 0x0},
	32:  {region: 0x109, script: 0x5, flags: 0x0},
	33:  {region: 0xbb, script: 0x5, flags: 0x0},
	34:  {region: 0x6c, script: 0x5, flags: 0x0},
	35:  {region: 0x9a, script: 0xe, flags: 0x0},
	36:  {region: 0x130, script: 0x61, flags: 0x0},
	37:  {region: 0x136, script: 0xd8, flags: 0x0},
	38:  {region: 0x6f, script: 0x61, flags: 0x0},
	39:  {region: 0x49, script: 0x61, flags: 0x0},
	40:  {region: 0x107, script: 0x22, flags: 0x0},
	41:  {region: 0x9a, script: 0x24, flags: 0x0},
	42:  {region: 0x3f, script: 0x61, flags: 0x0},
	43:  {region: 0x7, script: 0x5, flags: 0x1},
	44:  {region: 0x107, script: 0x22, flags: 0x0},
	45:  {region: 0xe9, script: 0x5, flags: 0x0},
	46:  {region: 0x96, script: 0x61, flags: 0x0},
	47:  {region: 0xc, script: 0x2, flags: 0x1},
	48:  {region: 0x2e, script: 0x61, flags: 0x0},
	49:  {region: 0x52, script: 0x61, flags: 0x0},
	50:  {region: 0x52, script: 0xb, flags: 0x0},
	51:  {region: 0x96, script: 0x61, flags: 0x0},
	52:  {region: 0x52, script: 0x61, flags: 0x0},
	53:  {region: 0x4f, script: 0x61, flags: 0x0},
	54:  {region: 0x47, script: 0x22, flags: 0x0},
	55:  {region: 0x10c, script: 0x5, flags: 0x0},
	56:  {region: 0x163, script: 0x61, flags: 0x0},
	57:  {region: 0x96, script: 0x61, flags: 0x0},
	58:  {region: 0x130, script: 0x61, flags: 0x0},
	59:  {region: 0x52, script: 0x61, flags: 0x0},
	60:  {region: 0x9a, script: 0xef, flags: 0x0},
	61:  {region: 0xe9, script: 0x5, flags: 0x0},
	62:  {region: 0x9a, script: 0x24, flags: 0x0},
	63:  {region: 0x38, script: 0x22, flags: 0x0},
	64:  {region: 0x9a, script: 0x24, flags: 0x0},
	65:  {region: 0xe9, script: 0x5, flags: 0x0},
	66:  {region: 0x12c, script: 0x37, flags: 0x0},
	68:  {region: 0x9a, script: 0x24, flags: 0x0},
	69:  {region: 0x9a, script: 0x24, flags: 0x0},
	70:  {region: 0x9a, script: 0x24, flags: 0x0},
	71:  {region: 0x140, script: 0x61, flags: 0x0},
	72:  {region: 0xe8, script: 0x61, flags: 0x0},
	73:  {region: 0xd7, script: 0x61, flags: 0x0},
	74:  {region: 0x9a, script: 0x24, flags: 0x0},
	75:  {region: 0x96, script: 0x61, flags: 0x0},
	76:  {region: 0x115, script: 0x61, flags: 0x0},
	77:  {region: 0x52, script: 0x61, flags: 0x0},
	78:  {region: 0xe8, script: 0x61, flags: 0x0},
	79:  {region: 0x49, script: 0x61, flags: 0x0},
	80:  {region: 0x3b, script: 0x61, flags: 0x0},
	81:  {region: 0x13f, script: 0xf1, flags: 0x0},
	82:  {region: 0xc4, script: 0x61, flags: 0x0},
	83:  {region: 0xc4, script: 0x61, flags: 0x0},
	84:  {region: 0x35, script: 0xe, flags: 0x0},
	85:  {region: 0x53, script: 0xf9, flags: 0x0},
	86:  {region: 0x9a, script: 0xe, flags: 0x0},
	87:  {region: 0x9d, script: 0x5, flags: 0x0},
	88:  {region: 0x4f, script: 0x61, flags: 0x0},
	89:  {region: 0x79, script: 0x61, flags: 0x0},
	90:  {region: 0x9a, script: 0x24, flags: 0x0},
	91:  {region: 0xe9, script: 0x5, flags: 0x0},
	92:  {region: 0x9a, script: 0x24, flags: 0x0},
	93:  {region: 0x33, script: 0x61, flags: 0x0},
	94:  {region: 0x115, script: 0x61, flags: 0x0},
	95:  {region: 0xb5, script: 0x61, flags: 0x0},
	96:  {region: 0x52, script: 0x61, flags: 0x0},
	97:  {region: 0xe8, script: 0x61, flags: 0x0},
	98:  {region: 0xe9, script: 0x24, flags: 0x0},
	99:  {region: 0x107, script: 0x22, flags: 0x0},
	100: {region: 0x160, script: 0x61, flags: 0x0},
	101: {region: 0x96, script: 0x61, flags: 0x0},
	102: {region: 0x52, script: 0x61, flags: 0x0},
	103: {region: 0x87, script: 0x61, flags: 0x0},
	104: {region: 0x6e, script: 0x2e, flags: 0x0},
	105: {region: 0x52, script: 0x61, flags: 0x0},
	106: {region: 0xb5, script: 0x61, flags: 0x0},
	107: {region: 0xc4, script: 0x61, flags: 0x0},
	108: {region: 0x48, script: 0x61, flags: 0x0},
	109: {region: 0x6f, script: 0x61, flags: 0x0},
	110: {region: 0x8a, script: 0x61, flags: 0x0},
	111: {region: 0x90, script: 0x61, flags: 0x0},
	112: {region: 0x8a, script: 0x61, flags: 0x0},
	113: {region: 0x136, script: 0x61, flags: 0x0},
	114: {region: 0x8a, script: 0x61, flags: 0x0},
	115: {region: 0xd7, script: 0x61, flags: 0x0},
	116: {region: 0x35, script: 0x17, flags: 0x0},
	117: {region: 0x11b, script: 0x61, flags: 0x0},
	118: {region: 0x107, script: 0x22, flags: 0x0},
	119: {region: 0xe8, script: 0x61, flags: 0x0},
	120: {region: 0x132, script: 0x61, flags: 0x0},
	121: {region: 0x8b, script: 0x61, flags: 0x0},
	122: {region: 0x76, script: 0x61, flags: 0x0},
	123: {region: 0x107, script: 0x22, flags: 0x0},
	124: {region: 0x136, script: 0x61, flags: 0x0},
	125: {region: 0x49, script: 0x61, flags: 0x0},
	126: {region: 0x136, script: 0x1b, flags: 0x0},
	127: {region: 0x136, script: 0x61, flags: 0x0},
	128: {region: 0xa7, script: 0x5, flags: 0x0},
	129: {region: 0x13f, script: 0x1a, flags: 0x0},
	130: {region: 0x9c, script: 0x5, flags: 0x0},
	131: {region: 0x8a, script: 0x61, flags: 0x0},
	132: {region: 0x49, script: 0x61, flags: 0x0},
	133: {region: 0xc6, script: 0xe3, flags: 0x0},
	134: {region: 0x79, script: 0x61, flags: 0x0},
	135: {region: 0x6c, script: 0x1f, flags: 0x0},
	136: {region: 0xe8, script: 0x61, flags: 0x0},
	137: {region: 0x49, script: 0x18, flags: 0x0},
	138: {region: 0x49, script: 0x61, flags: 0x0},
	139: {region: 0x131, script: 0x22, flags: 0x0},
	140: {region: 0x49, script: 0x18, flags: 0x0},
	141: {region: 0x49, script: 0x18, flags: 0x0},
	142: {region: 0x10b, script: 0x61, flags: 0x0},
	143: {region: 0x5f, script: 0x61, flags: 0x0},
	144: {region: 0xea, script: 0x61, flags: 0x0},
	145: {region: 0x49, script: 0x18, flags: 0x0},
	146: {region: 0xc5, script: 0x8f, flags: 0x0},
	147: {region: 0xe, script: 0x2, flags: 0x1},
	148: {region: 0x107, script: 0x22, flags: 0x0},
	149: {region: 0x7c, script: 0x61, flags: 0x0},
	150: {region: 0x64, script: 0x61, flags: 0x0},
	151: {region: 0x136, script: 0x61, flags: 0x0},
	152: {region: 0x107, script: 0x22, flags: 0x0},
	153: {region: 0xa5, script: 0x61, flags: 0x0},
	154: {region: 0x9a, script: 0x5, flags: 0x0},
	155: {region: 0x61, script: 0x61, flags: 0x0},
	156: {region: 0x49, script: 0x61, flags: 0x0},
	157: {region: 0x49, script: 0x61, flags: 0x0},
	158: {region: 0xd5, script: 0x61, flags: 0x0},
	159: {region: 0xd7, script: 0x71, flags: 0x0},
	160: {region: 0x4f, script: 0x61, flags: 0x0},
	161: {region: 0x9a, script: 0x24, flags: 0x0},
	162: {region: 0x61, script: 0x61, flags: 0x0},
	163: {region: 0xc4, script: 0x61, flags: 0x0},
	164: {region: 0xd1, script: 0x61, flags: 0x0},
	165: {region: 0xdc, script: 0x24, flags: 0x0},
	166: {region: 0x52, script: 0x61, flags: 0x0},
	167: {region: 0xce, script: 0xf7, flags: 0x0},
	168: {region: 0x115, script: 0x61, flags: 0x0},
	169: {region: 0x37, script: 0x61, flags: 0x0},
	170: {region: 0x43, script: 0xf9, flags: 0x0},
	171: {region: 0xa5, script: 0x61, flags: 0x0},
	172: {region: 0x5e, script: 0x21, flags: 0x0},
	173: {region: 0x81, script: 0x61, flags: 0x0},
	174: {region: 0xd7, script: 0x61, flags: 0x0},
	175: {region: 0x9f, script: 0x61, flags: 0x0},
	176: {region: 0x6c, script: 0x2b, flags: 0x0},
	177: {region: 0xc5, script: 0x50, flags: 0x0},
	178: {region: 0x88, script: 0x37, flags: 0x0},
	179: {region: 0x10, script: 0x2, flags: 0x1},
	180: {region: 0x1, script: 0x61, flags: 0x0},
	181: {region: 0x6f, script: 0x61, flags: 0x0},
	182: {region: 0x9a, script: 0x34, flags: 0x0},
	183: {region: 0x136, script: 0x61, flags: 0x0},
	184: {region: 0x6b, script: 0x61, flags: 0x0},
	185: {region: 0x9f, script: 0x4b, flags: 0x0},
	186: {region: 0x6f, script: 0x61, flags: 0x0},
	187: {region: 0x52, script: 0x61, flags: 0x0},
	188: {region: 0x6f, script: 0x61, flags: 0x0},
	189: {region: 0x9d, script: 0x5, flags: 0x0},
	190: {region: 0x87, script: 0x61, flags: 0x0},
	191: {region: 0xe8, script: 0x61, flags: 0x0},
	192: {region: 0x12, script: 0x2, flags: 0x1},
	193: {region: 0xc4, script: 0x61, flags: 0x0},
	194: {region: 0x73, script: 0x61, flags: 0x0},
	195: {region: 0x10c, script: 0x5, flags: 0x0},
	196: {region: 0xe8, script: 0x61, flags: 0x0},
	197: {region: 0x10d, script: 0x61, flags: 0x0},
	198: {region: 0x74, script: 0x61, flags: 0x0},
	199: {region: 0x77, script: 0x61, flags: 0x0},
	200: {region: 0x3b, script: 0x61, flags: 0x0},
	201: {region: 0x79, script: 0x61, flags: 0x0},
	202: {region: 0x136, script: 0x61, flags: 0x0},
	203: {region: 0x79, script: 0x61, flags: 0x0},
	204: {region: 0x61, script: 0x61, flags: 0x0},
	205: {region: 0x61, script: 0x61, flags: 0x0},
	206: {region: 0x52, script: 0x5, flags: 0x0},
	207: {region: 0x141, script: 0x61, flags: 0x0},
	208: {region: 0x85, script: 0x61, flags: 0x0},
	209: {region: 0xd5, script: 0x61, flags: 0x0},
	210: {region: 0x9f, script: 0x61, flags: 0x0},
	211: {region: 0xd7, script: 0x61, flags: 0x0},
	212: {region: 0x10c, script: 0x61, flags: 0x0},
	213: {region: 0xda, script: 0x61, flags: 0x0},
	214: {region: 0x97, script: 0x61, flags: 0x0},
	215: {region: 0x81, script: 0x61, flags: 0x0},
	216: {region: 0xbd, script: 0x61, flags: 0x0},
	217: {region: 0x53, script: 0x3f, flags: 0x0},
	218: {region: 0x96, script: 0x61, flags: 0x0},
	219: {region: 0x9a, script: 0x24, flags: 0x0},
	220: {region: 0x9d, script: 0x5, flags: 0x0},
	221: {region: 0x7f, script: 0x61, flags: 0x0},
	222: {region: 0x7c, script: 0x61, flags: 0x0},
	223: {region: 0x70, script: 0x2e, flags: 0x0},
	224: {region: 0xa8, script: 0x61, flags: 0x0},
	225: {region: 0xe9, script: 0x5, flags: 0x0},
	226: {region: 0xe9, script: 0x5, flags: 0x0},
	227: {region: 0x6f, script: 0x61, flags: 0x0},
	228: {region: 0x9d, script: 0x5, flags: 0x0},
	229: {region: 0x88, script: 0x66, flags: 0x0},
	230: {region: 0xf2, script: 0x61, flags: 0x0},
	231: {region: 0x9a, script: 0x24, flags: 0x0},
	232: {region: 0x96, script: 0x61, flags: 0x0},
	233: {region: 0xda, script: 0x61, flags: 0x0},
	234: {region: 0x131, script: 0x35, flags: 0x0},
	235: {region: 0xb5, script: 0x61, flags: 0x0},
	236: {region: 0x88, script: 0x37, flags: 0x0},
	237: {region: 0x68, script: 0x5, flags: 0x0},
	238: {region: 0x9a, script: 0xe, flags: 0x0},
	239: {region: 0x4e, script: 0x61, flags: 0x0},
	240: {region: 0x9a, script: 0x38, flags: 0x0},
	241: {region: 0x41, script: 0x61, flags: 0x0},
	242: {region: 0x54, script: 0x61, flags: 0x0},
	243: {region: 0x81, script: 0x61, flags: 0x0},
	244: {region: 0x3b, script: 0x61, flags: 0x0},
	245: {region: 0xa5, script: 0x61, flags: 0x0},
	246: {region: 0x99, script: 0x61, flags: 0x0},
	247: {region: 0xdc, script: 0x24, flags: 0x0},
	248: {region: 0x49, script: 0x61, flags: 0x0},
	249: {region: 0x14, script: 0x3, flags: 0x1},
	250: {region: 0x17, script: 0x3, flags: 0x1},
	251: {region: 0x136, script: 0x61, flags: 0x0},
	252: {region: 0x24, script: 0x5, flags: 0x0},
	253: {region: 0x98, script: 0x42, flags: 0x0},
	254: {region: 0x9a, script: 0x24, flags: 0x0},
	255: {region: 0x74, script: 0x24, flags: 0x0},
	256: {region: 0xe8, script: 0x61, flags: 0x0},
	257: {region: 0x12c, script: 0x44, flags: 0x0},
	258: {region: 0x53, script: 0x99, flags: 0x0},
	259: {region: 0xe9, script: 0x5, flags: 0x0},
	260: {region: 0x9a, script: 0x24, flags: 0x0},
	261: {region: 0x1a, script: 0x2, flags: 0x1},
	262: {region: 0xe8, script: 0x61, flags: 0x0},
	263: {region: 0xe9, script: 0x5, flags: 0x0},
	264: {region: 0xe7, script: 0x61, flags: 0x0},
	265: {region: 0x9a, script: 0x24, flags: 0x0},
	266: {region: 0x9a, script: 0x24, flags: 0x0},
	267: {region: 0x91, script: 0x61, flags: 0x0},
	268: {region: 0x61, script: 0x61, flags: 0x0},
	269: {region: 0x53, script: 0x3f, flags: 0x0},
	270: {region: 0x92, script: 0x61, flags: 0x0},
	271: {region: 0x93, script: 0x61, flags: 0x0},
	272: {region: 0x49, script: 0x61, flags: 0x0},
	273: {region: 0x28, script: 0x8, flags: 0x0},
	274: {region: 0xd3, script: 0x61, flags: 0x0},
	275: {region: 0x1, script: 0x61, flags: 0x0},
	276: {region: 0xd1, script: 0x61, flags: 0x0},
	277: {region: 0xd7, script: 0x61, flags: 0x0},
	278: {region: 0x96, script: 0x61, flags: 0x0},
	279: {region: 0x6b, script: 0x61, flags: 0x0},
	280: {region: 0x123, script: 0x61, flags: 0x0},
	281: {region: 0xd7, script: 0x61, flags: 0x0},
	282: {region: 0x53, script: 0x10a, flags: 0x0},
	283: {region: 0x136, script: 0x61, flags: 0x0},
	284: {region: 0xe8, script: 0x61, flags: 0x0},
	285: {region: 0x96, script: 0x61, flags: 0x0},
	286: {region: 0x107, script: 0x22, flags: 0x0},
	287: {region: 0x1, script: 0x61, flags: 0x0},
	288: {region: 0x9e, script: 0x61, flags: 0x0},
	289: {region: 0x9f, script: 0x61, flags: 0x0},
	290: {region: 0x8a, script: 0x61, flags: 0x0},
	291: {region: 0x49, script: 0x18, flags: 0x0},
	292: {region: 0x98, script: 0x42, flags: 0x0},
	293: {region: 0x8a, script: 0x61, flags: 0x0},
	294: {region: 0x107, script: 0x61, flags: 0x0},
	295: {region: 0xa3, script: 0x4e, flags: 0x0},
	296: {region: 0x8a, script: 0x61, flags: 0x0},
	297: {region: 0xa1, script: 0x61, flags: 0x0},
	298: {region: 0x1, script: 0x61, flags: 0x0},
	299: {region: 0x52, script: 0x61, flags: 0x0},
	300: {region: 0x131, script: 0x42, flags: 0x0},
	301: {region: 0x130, script: 0x61, flags: 0x0},
	302: {region: 0xdc, script: 0x24, flags: 0x0},
	303: {region: 0x64, script: 0x61, flags: 0x0},
	304: {region: 0x96, script: 0x61, flags: 0x0},
	305: {region: 0x96, script: 0x61, flags: 0x0},
	306: {region: 0x7e, script: 0x31, flags: 0x0},
	307: {region: 0x138, script: 0x22, flags: 0x0},
	308: {region: 0x68, script: 0x61, flags: 0x0},
	309: {region: 0xc5, script: 0x61, flags: 0x0},
	310: {region: 0xd7, script: 0x61, flags: 0x0},
	311: {region: 0xa5, script: 0x61, flags: 0x0},
	312: {region: 0xc4, script: 0x61, flags: 0x0},
	313: {region: 0x96, script: 0xa, flags: 0x0},
	314: {region: 0x107, script: 0x22, flags: 0x0},
	315: {region: 0xd5, script: 0x5, flags: 0x0},
	316: {region: 0xd7, script: 0x61, flags: 0x0},
	317: {region: 0x165, script: 0x61, flags: 0x0},
	318: {region: 0x130, script: 0x61, flags: 0x0},
	319: {region: 0x123, script: 0x61, flags: 0x0},
	320: {region: 0x124, script: 0xf8, flags: 0x0},
	321: {region: 0x5b, script: 0x61, flags: 0x0},
	322: {region: 0x8a, script: 0x61, flags: 0x0},
	323: {region: 0x52, script: 0x61, flags: 0x0},
	324: {region: 0x4f, script: 0x61, flags: 0x0},
	325: {region: 0x9a, script: 0x24, flags: 0x0},
	326: {region: 0x9a, script: 0x24, flags: 0x0},
	327: {region: 0x4b, script: 0x61, flags: 0x0},
	328: {region: 0x96, script: 0x61, flags: 0x0},
	329: {region: 0x41, script: 0x61, flags: 0x0},
	330: {region: 0x9a, script: 0x61, flags: 0x0},
	331: {region: 0x53, script: 0xee, flags: 0x0},
	332: {region: 0x9a, script: 0x24, flags: 0x0},
	333: {region: 0xc4, script: 0x61, flags: 0x0},
	334: {region: 0x9a, script: 0x7c, flags: 0x0},
	335: {region: 0xe9, script: 0x5, flags: 0x0},
	336: {region: 0xa5, script: 0x61, flags: 0x0},
	337: {region: 0x12c, script: 0x61, flags: 0x0},
	338: {region: 0xd3, script: 0x61, flags: 0x0},
	339: {region: 0x8a, script: 0x61, flags: 0x0},
	340: {region: 0xb0, script: 0x5e, flags: 0x0},
	341: {region: 0x1c, script: 0x6, flags: 0x1},
	342: {region: 0x52, script: 0x61, flags: 0x0},
	343: {region: 0x83, script: 0x61, flags: 0x0},
	344: {region: 0xa5, script: 0x61, flags: 0x0},
	345: {region: 0xa7, script: 0x54, flags: 0x0},
	346: {region: 0x2a, script: 0x61, flags: 0x0},
	347: {region: 0x9a, script: 0x58, flags: 0x0},
	348: {region: 0x8c, script: 0x61, flags: 0x0},
	349: {region: 0x8a, script: 0x61, flags: 0x0},
	350: {region: 0x9a, script: 0x24, flags: 0x0},
	351: {region: 0xac, script: 0x59, flags: 0x0},
	352: {region: 0x107, script: 0x22, flags: 0x0},
	353: {region: 0x9a, script: 0x24, flags: 0x0},
	354: {region: 0x76, script: 0x61, flags: 0x0},
	355: {region: 0xb5, script: 0x61, flags: 0x0},
	356: {region: 0x163, script: 0x61, flags: 0x0},
	358: {region: 0x107, script: 0x22, flags: 0x0},
	359: {region: 0x113, script: 0x61, flags: 0x0},
	360: {region: 0xe8, script: 0x61, flags: 0x0},
	361: {region: 0x107, script: 0x61, flags: 0x0},
	362: {region: 0xb5, script: 0x61, flags: 0x0},
	363: {region: 0x9a, script: 0x24, flags: 0x0},
	364: {region: 0x9a, script: 0x5, flags: 0x0},
	365: {region: 0x130, script: 0x61, flags: 0x0},
	366: {region: 0x52, script: 0x61, flags: 0x0},
	367: {region: 0x61, script: 0x61, flags: 0x0},
	368: {region: 0xb5, script: 0x61, flags: 0x0},
	369: {region: 0x22, script: 0xb, flags: 0x1},
	370: {region: 0x107, script: 0x22, flags: 0x0},
	371: {region: 0x107, script: 0x22, flags: 0x0},
	372: {region: 0x96, script: 0x61, flags: 0x0},
	373: {region: 0xe9, script: 0x5, flags: 0x0},
	374: {region: 0x7c, script: 0x61, flags: 0x0},
	375: {region: 0x49, script: 0x61, flags: 0x0},
	376: {region: 0x124, script: 0xf8, flags: 0x0},
	377: {region: 0xe9, script: 0x5, flags: 0x0},
	378: {region: 0x9a, script: 0x61, flags: 0x0},
	379: {region: 0x2d, script: 0x5, flags: 0x1},
	380: {region: 0x9a, script: 0x24, flags: 0x0},
	381: {region: 0x139, script: 0x61, flags: 0x0},
	382: {region: 0x88, script: 0x65, flags: 0x0},
	383: {region: 0x98, script: 0x42, flags: 0x0},
	384: {region: 0x130, script: 0x61, flags: 0x0},
	385: {region: 0xe9, script: 0x5, flags: 0x0},
	386: {region: 0x132, script: 0x61, flags: 0x0},
	387: {region: 0xb8, script: 0x61, flags: 0x0},
	388: {region: 0x107, script: 0x22, flags: 0x0},
	389: {region: 0x96, script: 0x61, flags: 0x0},
	390: {region: 0x53, script: 0xf8, flags: 0x0},
	391: {region: 0x163, script: 0x61, flags: 0x0},
	392: {region: 0x11b, script: 0x61, flags: 0x0},
	393: {region: 0x9a, script: 0x63, flags: 0x0},
	394: {region: 0x107, script: 0x22, flags: 0x0},
	395: {region: 0x132, script: 0x61, flags: 0x0},
	396: {region: 0xda, script: 0x61, flags: 0x0},
	397: {region: 0x32, script: 0x2, flags: 0x1},
	398: {region: 0x9f, script: 0x61, flags: 0x0},
	399: {region: 0x49, script: 0x61, flags: 0x0},
	400: {region: 0xb5, script: 0x61, flags: 0x0},
	401: {region: 0x53, script: 0x67, flags: 0x0},
	402: {region: 0x96, script: 0x61, flags: 0x0},
	403: {region: 0x9d, script: 0x5, flags: 0x0},
	404: {region: 0x136, script: 0x61, flags: 0x0},
	405: {region: 0x9f, script: 0x61, flags: 0x0},
	406: {region: 0x9a, script: 0xf3, flags: 0x0},
	407: {region: 0x9f, script: 0x61, flags: 0x0},
	408: {region: 0x4b, script: 0x61, flags: 0x0},
	409: {region: 0xb0, script: 0x5e, flags: 0x0},
	410: {region: 0x4b, script: 0x61, flags: 0x0},
	411: {region: 0x163, script: 0x61, flags: 0x0},
	412: {region: 0x9d, script: 0x5, flags: 0x0},
	413: {region: 0xb7, script: 0x61, flags: 0x0},
	414: {region: 0xb9, script: 0x61, flags: 0x0},
	415: {region: 0x4b, script: 0x61, flags: 0x0},
	416: {region: 0x4b, script: 0x61, flags: 0x0},
	417: {region: 0x163, script: 0x61, flags: 0x0},
	418: {region: 0x163, script: 0x61, flags: 0x0},
	419: {region: 0xa5, script: 0x61, flags: 0x0},
	420: {region: 0xa5, script: 0x61, flags: 0x0},
	421: {region: 0x9d, script: 0x5, flags: 0x0},
	422: {region: 0xb9, script: 0x61, flags: 0x0},
	423: {region: 0x124, script: 0xf8, flags: 0x0},
	424: {region: 0x53, script: 0x40, flags: 0x0},
	425: {region: 0x34, script: 0x3, flags: 0x1},
	426: {region: 0x96, script: 0x61, flags: 0x0},
	427: {region: 0x52, script: 0x61, flags: 0x0},
	428: {region: 0x9a, script: 0x24, flags: 0x0},
	429: {region: 0x9a, script: 0x24, flags: 0x0},
	430: {region: 0x96, script: 0x61, flags: 0x0},
	431: {region: 0x8a, script: 0x61, flags: 0x0},
	432: {region: 0x37, script: 0x2, flags: 0x1},
	433: {region: 0xa5, script: 0x61, flags: 0x0},
	434: {region: 0xd0, script: 0x61, flags: 0x0},
	435: {region: 0x107, script: 0x22, flags: 0x0},
	436: {region: 0xe8, script: 0x61, flags: 0x0},
	437: {region: 0x96, script: 0x61, flags: 0x0},
	438: {region: 0x113, script: 0x61, flags: 0x0},
	439: {region: 0xa5, script: 0x61, flags: 0x0},
	440: {region: 0xb5, script: 0x61, flags: 0x0},
	441: {region: 0x39, script: 0x3, flags: 0x1},
	442: {region: 0x124, script: 0x5, flags: 0x0},
	443: {region: 0xcd, script: 0x61, flags: 0x0},
	444: {region: 0x115, script: 0x61, flags: 0x0},
	445: {region: 0xc0, script: 0x61, flags: 0x0},
	446: {region: 0xd2, script: 0x61, flags: 0x0},
	447: {region: 0x52, script: 0x61, flags: 0x0},
	448: {region: 0xdc, script: 0x24, flags: 0x0},
	449: {region: 0x130, script: 0x61, flags: 0x0},
	450: {region: 0xc1, script: 0x61, flags: 0x0},
	451: {region: 0x9f, script: 0x61, flags: 0x0},
	452: {region: 0xe1, script: 0x61, flags: 0x0},
	453: {region: 0x49, script: 0x61, flags: 0x0},
	454: {region: 0x96, script: 0x61, flags: 0x0},
	456: {region: 0xc3, script: 0x22, flags: 0x0},
	457: {region: 0x9a, script: 0x75, flags: 0x0},
	458: {region: 0x10c, script: 0x61, flags: 0x0},
	459: {region: 0x3c, script: 0x3, flags: 0x1},
	460: {region: 0x9a, script: 0xe, flags: 0x0},
	461: {region: 0xc5, script: 0x7c, flags: 0x0},
	462: {region: 0x105, script: 0x61, flags: 0x0},
	463: {region: 0x49, script: 0x61, flags: 0x0},
	464: {region: 0x49, script: 0x61, flags: 0x0},
	465: {region: 0x48, script: 0x61, flags: 0x0},
	466: {region: 0x37, script: 0x61, flags: 0x0},
	467: {region: 0x9a, script: 0x24, flags: 0x0},
	468: {region: 0xdc, script: 0x24, flags: 0x0},
	469: {region: 0x107, script: 0x22, flags: 0x0},
	470: {region: 0x35, script: 0x79, flags: 0x0},
	471: {region: 0x3f, script: 0x2, flags: 0x1},
	472: {region: 0xcc, script: 0x61, flags: 0x0},
	473: {region: 0x9a, script: 0x24, flags: 0x0},
	474: {region: 0x52, script: 0x61, flags: 0x0},
	476: {region: 0x136, script: 0x61, flags: 0x0},
	477: {region: 0xe9, script: 0x5, flags: 0x0},
	478: {region: 0xc4, script: 0x61, flags: 0x0},
	479: {region: 0x9a, script: 0x24, flags: 0x0},
	480: {region: 0x96, script: 0x61, flags: 0x0},
	481: {region: 0x136, script: 0x46, flags: 0x0},
	482: {region: 0x165, script: 0x61, flags: 0x0},
	483: {region: 0xc5, script: 0x7c, flags: 0x0},
	484: {region: 0x107, script: 0x22, flags: 0x0},
	485: {region: 0x132, script: 0x61, flags: 0x0},
	486: {region: 0x9d, script: 0x6d, flags: 0x0},
	487: {region: 0x68, script: 0x5, flags: 0x0},
	488: {region: 0x9d, script: 0x5, flags: 0x0},
	489: {region: 0xde, script: 0x61, flags: 0x0},
	491: {region: 0x41, script: 0x4, flags: 0x1},
	492: {region: 0x9f, script: 0x61, flags: 0x0},
	493: {region: 0xd3, script: 0x61, flags: 0x0},
	494: {region: 0xdb, script: 0x61, flags: 0x0},
	495: {region: 0xd0, script: 0x61, flags: 0x0},
	496: {region: 0x165, script: 0x61, flags: 0x0},
	497: {region: 0xd2, script: 0x61, flags: 0x0},
	498: {region: 0x61, script: 0x61, flags: 0x0},
	499: {region: 0xdc, script: 0x24, flags: 0x0},
	500: {region: 0xdc, script: 0x24, flags: 0x0},
	501: {region: 0xd3, script: 0x61, flags: 0x0},
	502: {region: 0xd2, script: 0x61, flags: 0x0},
	503: {region: 0xd0, script: 0x61, flags: 0x0},
	504: {region: 0xd0, script: 0x61, flags: 0x0},
	505: {region: 0x96, script: 0x61, flags: 0x0},
	506: {region: 0xe0, script: 0x61, flags: 0x0},
	507: {region: 0x9a, script: 0x61, flags: 0x0},
	508: {region: 0xda, script: 0x61, flags: 0x0},
	509: {region: 0x52, script: 0x61, flags: 0x0},
	510: {region: 0xdb, script: 0x61, flags: 0x0},
	511: {region: 0x52, script: 0x61, flags: 0x0},
	512: {region: 0x9a, script: 0x105, flags: 0x0},
	513: {region: 0xdb, script: 0x61, flags: 0x0},
	514: {region: 0x124, script: 0x5d, flags: 0x0},
	515: {region: 0x9a, script: 0x24, flags: 0x0},
	516: {region: 0x10d, script: 0xd2, flags: 0x0},
	517: {region: 0x85, script: 0x84, flags: 0x0},
	518: {region: 0x162, script: 0x61, flags: 0x0},
	519: {region: 0x163, script: 0x61, flags: 0x0},
	520: {region: 0x49, script: 0x18, flags: 0x0},
	521: {region: 0x162, script: 0x61, flags: 0x0},
	522: {region: 0x9a, script: 0xfb, flags: 0x0},
	523: {region: 0x118, script: 0x61, flags: 0x0},
	524: {region: 0x136, script: 0x61, flags: 0x0},
	525: {region: 0x53, script: 0x61, flags: 0x0},
	526: {region: 0xcf, script: 0x61, flags: 0x0},
	527: {region: 0x130, script: 0x61, flags: 0x0},
	528: {region: 0x132, script: 0x61, flags: 0x0},
	529: {region: 0x81, script: 0x61, flags: 0x0},
	530: {region: 0x79, script: 0x61, flags: 0x0},
	531: {region: 0x49, script: 0x18, flags: 0x0},
	532: {region: 0x49, script: 0x18, flags: 0x0},
	533: {region: 0x49, script: 0x61, flags: 0x0},
	534: {region: 0x49, script: 0x61, flags: 0x0},
	535: {region: 0x70, script: 0x61, flags: 0x0},
	536: {region: 0x9a, script: 0x8a, flags: 0x0},
	537: {region: 0x7e, script: 0x22, flags: 0x0},
	538: {region: 0x136, script: 0x8b, flags: 0x0},
	539: {region: 0xc6, script: 0x89, flags: 0x0},
	540: {region: 0x53, script: 0x8d, flags: 0x0},
	541: {region: 0x45, script: 0x3, flags: 0x1},
	542: {region: 0xe8, script: 0x61, flags: 0x0},
	543: {region: 0x48, script: 0x2, flags: 0x1},
	544: {region: 0xe8, script: 0x61, flags: 0x0},
	545: {region: 0x5c, script: 0x61, flags: 0x0},
	546: {region: 0xf1, script: 0x61, flags: 0x0},
	547: {region: 0x79, script: 0x61, flags: 0x0},
	548: {region: 0xd7, script: 0x61, flags: 0x0},
	549: {region: 0x136, script: 0x61, flags: 0x0},
	550: {region: 0x49, script: 0x61, flags: 0x0},
	551: {region: 0x9d, script: 0x107, flags: 0x0},
	552: {region: 0x61, script: 0x61, flags: 0x0},
	553: {region: 0xe9, script: 0x53, flags: 0x0},
	554: {region: 0xb1, script: 0x97, flags: 0x0},
	555: {region: 0x4a, script: 0x9, flags: 0x1},
	556: {region: 0x10a, script: 0x61, flags: 0x0},
	557: {region: 0x9a, script: 0x13, flags: 0x0},
	558: {region: 0xa5, script: 0x61, flags: 0x0},
	559: {region: 0xea, script: 0x61, flags: 0x0},
	560: {region: 0x9f, script: 0x61, flags: 0x0},
	561: {region: 0x53, script: 0x5, flags: 0x1},
	562: {region: 0x8a, script: 0x61, flags: 0x0},
	563: {region: 0x8a, script: 0x61, flags: 0x0},
	564: {region: 0x76, script: 0x61, flags: 0x0},
	565: {region: 0x11b, script: 0x61, flags: 0x0},
	566: {region: 0x49, script: 0x61, flags: 0x0},
	567: {region: 0x9d, script: 0x5, flags: 0x0},
	568: {region: 0xea, script: 0x61, flags: 0x0},
	569: {region: 0x24, script: 0x5, flags: 0x0},
	570: {region: 0x41, script: 0x61, flags: 0x0},
	571: {region: 0x7b, script: 0x61, flags: 0x0},
	572: {region: 0xe5, script: 0x61, flags: 0x0},
	573: {region: 0x8a, script: 0x61, flags: 0x0},
	574: {region: 0x6a, script: 0x61, flags: 0x0},
	575: {region: 0x8a, script: 0x61, flags: 0x0},
	576: {region: 0x8a, script: 0x61, flags: 0x0},
	577: {region: 0x9a, script: 0x24, flags: 0x0},
	578: {region: 0x103, script: 0x61, flags: 0x0},
	579: {region: 0x96, script: 0x61, flags: 0x0},
	580: {region: 0x9f, script: 0x61, flags: 0x0},
	581: {region: 0xc5, script: 0xd0, flags: 0x0},
	582: {region: 0x9a, script: 0x61, flags: 0x0},
	583: {region: 0xbb, script: 0x61, flags: 0x0},
	584: {region: 0xdc, script: 0x24, flags: 0x0},
	585: {region: 0x35, script: 0xe, flags: 0x0},
	586: {region: 0x4e, script: 0x61, flags: 0x0},
	587: {region: 0x73, script: 0x61, flags: 0x0},
	588: {region: 0x4e, script: 0x61, flags: 0x0},
	589: {region: 0x9d, script: 0x5, flags: 0x0},
	590: {region: 0x10d, script: 0x61, flags: 0x0},
	591: {region: 0x3a, script: 0x61, flags: 0x0},
	592: {region: 0xd2, script: 0x61, flags: 0x0},
	593: {region: 0x105, script: 0x61, flags: 0x0},
	594: {region: 0x96, script: 0x61, flags: 0x0},
	595: {region: 0x130, script: 0x61, flags: 0x0},
	596: {region: 0x74, script: 0x61, flags: 0x0},
	597: {region: 0x107, script: 0x22, flags: 0x0},
	598: {region: 0x131, script: 0x22, flags: 0x0},
	599: {region: 0x10a, script: 0x61, flags: 0x0},
	600: {region: 0x108, script: 0x61, flags: 0x0},
	601: {region: 0x130, script: 0x61, flags: 0x0},
	602: {region: 0xa3, script: 0x51, flags: 0x0},
	603: {region: 0x9a, script: 0x24, flags: 0x0},
	604: {region: 0x81, script: 0x61, flags: 0x0},
	605: {region: 0x107, script: 0x22, flags: 0x0},
	606: {region: 0xa5, script: 0x61, flags: 0x0},
	607: {region: 0x96, script: 0x61, flags: 0x0},
	608: {region: 0x9a, script: 0x87, flags: 0x0},
	609: {region: 0x115, script: 0x61, flags: 0x0},
	610: {region: 0x9a, script: 0xd6, flags: 0x0},
	611: {region: 0x130, script: 0x61, flags: 0x0},
	612: {region: 0x9f, script: 0x61, flags: 0x0},
	613: {region: 0x9a, script: 0x24, flags: 0x0},
	614: {region: 0x9f, script: 0x61, flags: 0x0},
	615: {region: 0x7c, script: 0x61, flags: 0x0},
	616: {region: 0x58, script: 0x5, flags: 0x1},
	617: {region: 0x9f, script: 0x61, flags: 0x0},
	618: {region: 0x9d, script: 0x5, flags: 0x0},
	619: {region: 0xdb, script: 0x61, flags: 0x0},
	620: {region: 0x4f, script: 0x61, flags: 0x0},
	621: {region: 0xd2, script: 0x61, flags: 0x0},
	622: {region: 0xd0, script: 0x61, flags: 0x0},
	623: {region: 0xc4, script: 0x61, flags: 0x0},
	624: {region: 0x4c, script: 0x61, flags: 0x0},
	625: {region: 0x97, script: 0x61, flags: 0x0},
	626: {region: 0xb7, script: 0x61, flags: 0x0},
	628: {region: 0xbb, script: 0xf5, flags: 0x0},
	629: {region: 0xc5, script: 0x7c, flags: 0x0},
	630: {region: 0xb4, script: 0xdf, flags: 0x0},
	631: {region: 0x70, script: 0x61, flags: 0x0},
	632: {region: 0x112, script: 0x61, flags: 0x0},
	633: {region: 0xe9, script: 0x5, flags: 0x0},
	634: {region: 0x110, script: 0x61, flags: 0x0},
	635: {region: 0xea, script: 0x61, flags: 0x0},
	636: {region: 0x96, script: 0x61, flags: 0x0},
	637: {region: 0x143, script: 0x61, flags: 0x0},
	638: {region: 0x10d, script: 0x61, flags: 0x0},
	640: {region: 0x10d, script: 0x61, flags: 0x0},
	641: {region: 0x73, script: 0x61, flags: 0x0},
	642: {region: 0x98, script: 0xd3, flags: 0x0},
	643: {region: 0x73, script: 0x61, flags: 0x0},
	644: {region: 0x165, script: 0x61, flags: 0x0},
	645: {region: 0x115, script: 0x61, flags: 0x0},
	646: {region: 0xc4, script: 0x61, flags: 0x0},
	647: {region: 0x116, script: 0x61, flags: 0x0},
	648: {region: 0x138, script: 0xe0, flags: 0x0},
	649: {region: 0x124, script: 0xf8, flags: 0x0},
	650: {region: 0x27, script: 0x61, flags: 0x0},
	651: {region: 0x4c, script: 0x61, flags: 0x0},
	652: {region: 0x5d, script: 0x4, flags: 0x1},
	653: {region: 0x9a, script: 0xe2, flags: 0x0},
	654: {region: 0x117, script: 0x61, flags: 0x0},
	655: {region: 0x115, script: 0x61, flags: 0x0},
	656: {region: 0x9a, script: 0x24, flags: 0x0},
	657: {region: 0x162, script: 0x61, flags: 0x0},
	658: {region: 0x6e, script: 0x61, flags: 0x0},
	659: {region: 0x162, script: 0x61, flags: 0x0},
	660: {region: 0x61, script: 0x61, flags: 0x0},
	661: {region: 0x61, script: 0x3, flags: 0x1},
	662: {region: 0x96, script: 0x61, flags: 0x0},
	663: {region: 0x130, script: 0x61, flags: 0x0},
	664: {region: 0x85, script: 0x61, flags: 0x0},
	665: {region: 0xdc, script: 0x24, flags: 0x0},
	666: {region: 0x10d, script: 0x61, flags: 0x0},
	667: {region: 0x130, script: 0x61, flags: 0x0},
	668: {region: 0x160, script: 0x5, flags: 0x0},
	669: {region: 0x61, script: 0x61, flags: 0x0},
	670: {region: 0x9a, script: 0x24, flags: 0x0},
	671: {region: 0x96, script: 0x61, flags: 0x0},
	672: {region: 0x35, script: 0xe, flags: 0x0},
	673: {region: 0x9c, script: 0xe7, flags: 0x0},
	674: {region: 0xea, script: 0x61, flags: 0x0},
	675: {region: 0x9a, script: 0xef, flags: 0x0},
	676: {region: 0xdc, script: 0x24, flags: 0x0},
	677: {region: 0xe8, script: 0x61, flags: 0x0},
	678: {region: 0x9a, script: 0x58, flags: 0x0},
	679: {region: 0x53, script: 0xed, flags: 0x0},
	680: {region: 0xdc, script: 0x24, flags: 0x0},
	681: {region: 0xdc, script: 0x24, flags: 0x0},
	682: {region: 0x9a, script: 0xf3, flags: 0x0},
	683: {region: 0x113, script: 0x61, flags: 0x0},
	684: {region: 0x132, script: 0x61, flags: 0x0},
	685: {region: 0x127, script: 0x61, flags: 0x0},
	686: {region: 0x64, script: 0x3, flags: 0x1},
	687: {region: 0x124, script: 0xf8, flags: 0x0},
	688: {region: 0xdc, script: 0x24, flags: 0x0},
	689: {region: 0xdc, script: 0x24, flags: 0x0},
	690: {region: 0xdc, script: 0x24, flags: 0x0},
	691: {region: 0x70, script: 0x2e, flags: 0x0},
	692: {region: 0x6e, script: 0x2e, flags: 0x0},
	693: {region: 0xd7, script: 0x61, flags: 0x0},
	694: {region: 0x128, script: 0x61, flags: 0x0},
	695: {region: 0x126, script: 0x61, flags: 0x0},
	696: {region: 0x32, script: 0x61, flags: 0x0},
	697: {region: 0xdc, script: 0x24, flags: 0x0},
	698: {region: 0xe8, script: 0x61, flags: 0x0},
	699: {region: 0x32, script: 0x61, flags: 0x0},
	700: {region: 0xd5, script: 0x61, flags: 0x0},
	701: {region: 0x162, script: 0x61, flags: 0x0},
	702: {region: 0x115, script: 0x61, flags: 0x0},
	703: {region: 0x12a, script: 0x61, flags: 0x0},
	704: {region: 0xcf, script: 0x61, flags: 0x0},
	705: {region: 0x163, script: 0x61, flags: 0x0},
	706: {region: 0x1, script: 0x61, flags: 0x0},
	707: {region: 0xe7, script: 0x61, flags: 0x0},
	708: {region: 0x12c, script: 0x61, flags: 0x0},
	709: {region: 0x12c, script: 0x61, flags: 0x0},
	710: {region: 0x12f, script: 0x61, flags: 0x0},
	711: {region: 0xe9, script: 0x5, flags: 0x0},
	712: {region: 0x162, script: 0x61, flags: 0x0},
	713: {region: 0x88, script: 0x37, flags: 0x0},
	714: {region: 0xe8, script: 0x61, flags: 0x0},
	715: {region: 0x43, script: 0xf9, flags: 0x0},
	716: {region: 0x107, script: 0x22, flags: 0x0},
	717: {region: 0x8a, script: 0x61, flags: 0x0},
	718: {region: 0x132, script: 0x61, flags: 0x0},
	719: {region: 0x124, script: 0xf8, flags: 0x0},
	720: {region: 0x32, script: 0x61, flags: 0x0},
	721: {region: 0xcf, script: 0x61, flags: 0x0},
	722: {region: 0x12e, script: 0x61, flags: 0x0},
	724: {region: 0xd5, script: 0x61, flags: 0x0},
	725: {region: 0x53, script: 0xf0, flags: 0x0},
	726: {region: 0x9a, script: 0xfe, flags: 0x0},
	727: {region: 0xe6, script: 0x61, flags: 0x0},
	728: {region: 0x13f, script: 0x61, flags: 0x0},
	729: {region: 0x107, script: 0x22, flags: 0x0},
	730: {region: 0x8a, script: 0x61, flags: 0x0},
	731: {region: 0xbb, script: 0x61, flags: 0x0},
	732: {region: 0x107, script: 0x22, flags: 0x0},
	733: {region: 0x67, script: 0x4, flags: 0x1},
	734: {region: 0x11d, script: 0x100, flags: 0x0},
	735: {region: 0x131, script: 0x22, flags: 0x0},
	736: {region: 0x76, script: 0x61, flags: 0x0},
	737: {region: 0x2a, script: 0x61, flags: 0x0},
	739: {region: 0x6b, script: 0x3, flags: 0x1},
	740: {region: 0x9a, script: 0xe, flags: 0x0},
	741: {region: 0xe9, script: 0x5, flags: 0x0},
	742: {region: 0x8a, script: 0x61, flags: 0x0},
	743: {region: 0x6e, script: 0x4, flags: 0x1},
	744: {region: 0xb5, script: 0x101, flags: 0x0},
	745: {region: 0x162, script: 0x61, flags: 0x0},
	746: {region: 0x9f, script: 0x61, flags: 0x0},
	747: {region: 0x107, script: 0x61, flags: 0x0},
	748: {region: 0x13f, script: 0x61, flags: 0x0},
	749: {region: 0x11c, script: 0x61, flags: 0x0},
	750: {region: 0x36, script: 0x61, flags: 0x0},
	751: {region: 0x61, script: 0x61, flags: 0x0},
	752: {region: 0xd2, script: 0x61, flags: 0x0},
	753: {region: 0x1, script: 0x61, flags: 0x0},
	754: {region: 0x107, script: 0x61, flags: 0x0},
	755: {region: 0x6b, script: 0x61, flags: 0x0},
	756: {region: 0x130, script: 0x61, flags: 0x0},
	757: {region: 0x36, script: 0x61, flags: 0x0},
	758: {region: 0x4e, script: 0x61, flags: 0x0},
	759: {region: 0x70, script: 0x2e, flags: 0x0},
	760: {region: 0xe8, script: 0x61, flags: 0x0},
	761: {region: 0x2f, script: 0x61, flags: 0x0},
	762: {region: 0x9a, script: 0xf3, flags: 0x0},
	763: {region: 0x9a, script: 0x24, flags: 0x0},
	764: {region: 0x141, script: 0x61, flags: 0x0},
	765: {region: 0xa9, script: 0x5, flags: 0x0},
	766: {region: 0x115, script: 0x61, flags: 0x0},
	767: {region: 0x9a, script: 0x33, flags: 0x0},
	768: {region: 0x9a, script: 0x24, flags: 0x0},
	769: {region: 0x53, script: 0x3f, flags: 0x0},
	770: {region: 0x32, script: 0x3, flags: 0x0},
	771: {region: 0x41, script: 0x61, flags: 0x0},
	772: {region: 0x138, script: 0x1d, flags: 0x0},
	773: {region: 0x12c, script: 0x19, flags: 0x0},
	774: {region: 0x162, script: 0x61, flags: 0x0},
	775: {region: 0x8a, script: 0x61, flags: 0x0},
	776: {region: 0x12c, script: 0x69, flags: 0x0},
	777: {region: 0x12c, script: 0x6a, flags: 0x0},
	778: {region: 0x7e, script: 0x31, flags: 0x0},
	779: {region: 0x53, script: 0x6e, flags: 0x0},
	780: {region: 0x10c, script: 0x73, flags: 0x0},
	781: {region: 0x109, script: 0x7f, flags: 0x0},
	782: {region: 0x9a, script: 0x24, flags: 0x0},
	783: {region: 0x132, script: 0x61, flags: 0x0},
	784: {region: 0x9d, script: 0x9a, flags: 0x0},
	785: {region: 0x15f, script: 0xd5, flags: 0x0},
	786: {region: 0x12c, script: 0xdd, flags: 0x0},
	787: {region: 0xdc, script: 0x24, flags: 0x0},
	788: {region: 0xd2, script: 0x61, flags: 0x0},
	789: {region: 0x76, script: 0x61, flags: 0x0},
	790: {region: 0x52, script: 0x61, flags: 0x0},
	791: {region: 0x52, script: 0x61, flags: 0x0},
	792: {region: 0x131, script: 0x42, flags: 0x0},
	793: {region: 0xd7, script: 0x61, flags: 0x0},
	794: {region: 0x41, script: 0x61, flags: 0x0},
	795: {region: 0xd0, script: 0x61, flags: 0x0},
	796: {region: 0x72, script: 0x3, flags: 0x1},
	797: {region: 0x53, script: 0x61, flags: 0x0},
	798: {region: 0x10c, script: 0x61, flags: 0x0},
	800: {region: 0xa9, script: 0x5, flags: 0x0},
	801: {region: 0xda, script: 0x61, flags: 0x0},
	802: {region: 0xbb, script: 0xf5, flags: 0x0},
	803: {region: 0x75, script: 0x13, flags: 0x1},
	804: {region: 0x53, script: 0x57, flags: 0x0},
	805: {region: 0xd1, script: 0x61, flags: 0x0},
	806: {region: 0xd1, script: 0x61, flags: 0x0},
	807: {region: 0x162, script: 0x61, flags: 0x0},
	809: {region: 0x12c, script: 0x61, flags: 0x0},
}

// likelyLangList holds lists info associated with likelyLang.
// Size: 816 bytes, 136 elements
var likelyLangList = [136]likelyScriptRegion{
	0:   {region: 0x107, script: 0x22, flags: 0x0},
	1:   {region: 0x12c, script: 0x61, flags: 0x4},
	2:   {region: 0x12c, script: 0x61, flags: 0x2},
	3:   {region: 0x9d, script: 0x7, flags: 0x0},
	4:   {region: 0x9c, script: 0x41, flags: 0x2},
	5:   {region: 0xa2, script: 0x80, flags: 0x2},
	6:   {region: 0x11d, script: 0x8e, flags: 0x2},
	7:   {region: 0x32, script: 0x61, flags: 0x0},
	8:   {region: 0x9c, script: 0x5, flags: 0x4},
	9:   {region: 0x9d, script: 0x5, flags: 0x4},
	10:  {region: 0x107, script: 0x22, flags: 0x4},
	11:  {region: 0x9d, script: 0x5, flags: 0x2},
	12:  {region: 0xdc, script: 0x24, flags: 0x0},
	13:  {region: 0x9a, script: 0x5b, flags: 0x2},
	14:  {region: 0x107, script: 0x22, flags: 0x0},
	15:  {region: 0x38, script: 0x32, flags: 0x2},
	16:  {region: 0x136, script: 0x61, flags: 0x0},
	17:  {region: 0x7c, script: 0xd9, flags: 0x2},
	18:  {region: 0x115, script: 0x61, flags: 0x0},
	19:  {region: 0x85, script: 0x1, flags: 0x2},
	20:  {region: 0xd7, script: 0x61, flags: 0x0},
	21:  {region: 0x52, script: 0x5, flags: 0x4},
	22:  {region: 0x10c, script: 0x5, flags: 0x4},
	23:  {region: 0x53, script: 0x3f, flags: 0x0},
	24:  {region: 0x12f, script: 0x40, flags: 0x4},
	25:  {region: 0x12f, script: 0x40, flags: 0x2},
	26:  {region: 0x136, script: 0x46, flags: 0x0},
	27:  {region: 0xb0, script: 0x45, flags: 0x2},
	28:  {region: 0xaf, script: 0x22, flags: 0x0},
	29:  {region: 0x24, script: 0x5, flags: 0x4},
	30:  {region: 0x53, script: 0x5, flags: 0x4},
	31:  {region: 0x9d, script: 0x5, flags: 0x4},
	32:  {region: 0xc6, script: 0x5, flags: 0x4},
	33:  {region: 0x53, script: 0x5, flags: 0x2},
	34:  {region: 0x12c, script: 0x61, flags: 0x0},
	35:  {region: 0x28, script: 0x22, flags: 0x4},
	36:  {region: 0x32, script: 0x22, flags: 0x4},
	37:  {region: 0x7e, script: 0x22, flags: 0x4},
	38:  {region: 0x9c, script: 0x5, flags: 0x4},
	39:  {region: 0x9d, script: 0x5, flags: 0x4},
	40:  {region: 0xb1, script: 0x5, flags: 0x4},
	41:  {region: 0x128, script: 0x22, flags: 0x4},
	42:  {region: 0x9c, script: 0x5, flags: 0x2},
	43:  {region: 0x28, script: 0x22, flags: 0x2},
	44:  {region: 0x7e, script: 0x109, flags: 0x2},
	45:  {region: 0xa6, script: 0x22, flags: 0x0},
	46:  {region: 0x53, script: 0x5, flags: 0x4},
	47:  {region: 0x12c, script: 0x61, flags: 0x4},
	48:  {region: 0x53, script: 0x5, flags: 0x2},
	49:  {region: 0x12c, script: 0x61, flags: 0x2},
	50:  {region: 0xdc, script: 0x24, flags: 0x0},
	51:  {region: 0x9a, script: 0x64, flags: 0x2},
	52:  {region: 0x12c, script: 0x61, flags: 0x0},
	53:  {region: 0x7e, script: 0x31, flags: 0x4},
	54:  {region: 0x7e, script: 0x31, flags: 0x2},
	55:  {region: 0x84, script: 0x61, flags: 0x0},
	56:  {region: 0x85, script: 0x84, flags: 0x2},
	57:  {region: 0x68, script: 0x5, flags: 0x0},
	58:  {region: 0x115, script: 0x61, flags: 0x4},
	59:  {region: 0x115, script: 0x61, flags: 0x2},
	60:  {region: 0xc6, script: 0x22, flags: 0x0},
	61:  {region: 0x53, script: 0x77, flags: 0x4},
	62:  {region: 0x53, script: 0x77, flags: 0x2},
	63:  {region: 0xd1, script: 0x61, flags: 0x0},
	64:  {region: 0x4a, script: 0x5, flags: 0x4},
	65:  {region: 0x53, script: 0x3f, flags: 0x0},
	66:  {region: 0xc7, script: 0x40, flags: 0x4},
	67:  {region: 0x12f, script: 0x40, flags: 0x4},
	68:  {region: 0x12f, script: 0x40, flags: 0x2},
	69:  {region: 0x9a, script: 0x3a, flags: 0x0},
	70:  {region: 0xe9, script: 0x5, flags: 0x4},
	71:  {region: 0xe9, script: 0x5, flags: 0x2},
	72:  {region: 0x9d, script: 0x94, flags: 0x0},
	73:  {region: 0x53, script: 0x95, flags: 0x2},
	74:  {region: 0x7c, script: 0x61, flags: 0x0},
	75:  {region: 0x9a, script: 0x24, flags: 0x4},
	76:  {region: 0xb4, script: 0xdf, flags: 0x4},
	77:  {region: 0xc5, script: 0x7c, flags: 0x4},
	78:  {region: 0x124, script: 0xf8, flags: 0x4},
	79:  {region: 0x9a, script: 0x24, flags: 0x2},
	80:  {region: 0xc5, script: 0x7c, flags: 0x2},
	81:  {region: 0xb4, script: 0xdf, flags: 0x2},
	82:  {region: 0x124, script: 0xf8, flags: 0x2},
	83:  {region: 0x88, script: 0x37, flags: 0x0},
	84:  {region: 0x107, script: 0x22, flags: 0x4},
	85:  {region: 0x12c, script: 0x61, flags: 0x4},
	86:  {region: 0x107, script: 0x22, flags: 0x2},
	87:  {region: 0x12c, script: 0x61, flags: 0x2},
	88:  {region: 0xe9, script: 0x5, flags: 0x0},
	89:  {region: 0x9a, script: 0x24, flags: 0x4},
	90:  {region: 0x9a, script: 0x24, flags: 0x2},
	91:  {region: 0x9a, script: 0x55, flags: 0x2},
	92:  {region: 0x9a, script: 0xde, flags: 0x2},
	93:  {region: 0x106, script: 0x22, flags: 0x0},
	94:  {region: 0xbe, script: 0x61, flags: 0x4},
	95:  {region: 0x105, script: 0x61, flags: 0x4},
	96:  {region: 0x12c, script: 0x61, flags: 0x4},
	97:  {region: 0xc5, script: 0x5d, flags: 0x0},
	98:  {region: 0x53, script: 0xed, flags: 0x4},
	99:  {region: 0x53, script: 0xed, flags: 0x2},
	100: {region: 0x125, script: 0x22, flags: 0x0},
	101: {region: 0xe9, script: 0x5, flags: 0x4},
	102: {region: 0xe9, script: 0x5, flags: 0x2},
	103: {region: 0x53, script: 0x5, flags: 0x0},
	104: {region: 0xaf, script: 0x22, flags: 0x4},
	105: {region: 0xc6, script: 0x22, flags: 0x4},
	106: {region: 0xaf, script: 0x22, flags: 0x2},
	107: {region: 0x9a, script: 0xe, flags: 0x0},
	108: {region: 0xdc, script: 0x24, flags: 0x4},
	109: {region: 0xdc, script: 0x24, flags: 0x2},
	110: {region: 0x138, script: 0x61, flags: 0x0},
	111: {region: 0x24, script: 0x5, flags: 0x4},
	112: {region: 0x53, script: 0x22, flags: 0x4},
	113: {region: 0x24, script: 0x5, flags: 0x2},
	114: {region: 0x8e, script: 0x40, flags: 0x0},
	115: {region: 0x53, script: 0x3f, flags: 0x4},
	116: {region: 0x53, script: 0x3f, flags: 0x2},
	117: {region: 0x53, script: 0x3f, flags: 0x0},
	118: {region: 0x2f, script: 0x40, flags: 0x4},
	119: {region: 0x3e, script: 0x40, flags: 0x4},
	120: {region: 0x7c, script: 0x40, flags: 0x4},
	121: {region: 0x7f, script: 0x40, flags: 0x4},
	122: {region: 0x8e, script: 0x40, flags: 0x4},
	123: {region: 0x96, script: 0x40, flags: 0x4},
	124: {region: 0xc7, script: 0x40, flags: 0x4},
	125: {region: 0xe3, script: 0x40, flags: 0x4},
	126: {region: 0xe6, script: 0x40, flags: 0x4},
	127: {region: 0xe8, script: 0x40, flags: 0x4},
	128: {region: 0x117, script: 0x40, flags: 0x4},
	129: {region: 0x124, script: 0x40, flags: 0x4},
	130: {region: 0x12f, script: 0x40, flags: 0x4},
	131: {region: 0x136, script: 0x40, flags: 0x4},
	132: {region: 0x13f, script: 0x40, flags: 0x4},
	133: {region: 0x12f, script: 0x12, flags: 0x2},
	134: {region: 0x12f, script: 0x3b, flags: 0x2},
	135: {region: 0x12f, script: 0x40, flags: 0x2},
}

type likelyLangScript struct {
	lang   uint16
	script uint16
	flags  uint8
}

// likelyRegion is a lookup table, indexed by regionID, for the most likely
// languages and scripts given incomplete information. If more entries exist
// for a given regionID, lang and script are the index and size respectively
// of the list in likelyRegionList.
// TODO: exclude containers and user-definable regions from the list.
// Size: 2154 bytes, 359 elements
var likelyRegion = [359]likelyLangScript{
	34:  {lang: 0x6d, script: 0x61, flags: 0x0},
	35:  {lang: 0x0, script: 0x2, flags: 0x1},
	36:  {lang: 0x2, script: 0x4, flags: 0x1},
	39:  {lang: 0x6, script: 0x2, flags: 0x1},
	40:  {lang: 0x8, script: 0x2, flags: 0x1},
	42:  {lang: 0x23a, script: 0x61, flags: 0x0},
	44:  {lang: 0xb5, script: 0x61, flags: 0x0},
	45:  {lang: 0x27d, script: 0x61, flags: 0x0},
	46:  {lang: 0x9b, script: 0x61, flags: 0x0},
	47:  {lang: 0x105, script: 0x46, flags: 0x2},
	48:  {lang: 0x1fc, script: 0x61, flags: 0x0},
	49:  {lang: 0x29a, script: 0x61, flags: 0x0},
	50:  {lang: 0xa, script: 0x3, flags: 0x1},
	51:  {lang: 0xd, script: 0x2, flags: 0x1},
	53:  {lang: 0xf, script: 0x2, flags: 0x1},
	54:  {lang: 0x1fc, script: 0x61, flags: 0x0},
	55:  {lang: 0xc9, script: 0x61, flags: 0x0},
	56:  {lang: 0x11, script: 0x3, flags: 0x1},
	57:  {lang: 0x1b, script: 0x5, flags: 0x0},
	58:  {lang: 0x24f, script: 0x61, flags: 0x0},
	59:  {lang: 0xc9, script: 0x61, flags: 0x0},
	60:  {lang: 0xc9, script: 0x61, flags: 0x0},
	62:  {lang: 0x14, script: 0x2, flags: 0x1},
	63:  {lang: 0xb5, script: 0x61, flags: 0x0},
	64:  {lang: 0x221, script: 0x61, flags: 0x0},
	65:  {lang: 0x23a, script: 0x61, flags: 0x0},
	67:  {lang: 0x16, script: 0x4, flags: 0x1},
	69:  {lang: 0x201, script: 0x61, flags: 0x0},
	71:  {lang: 0x255, script: 0x22, flags: 0x0},
	73:  {lang: 0x31c, script: 0x40, flags: 0x2},
	74:  {lang: 0x1a, script: 0x3, flags: 0x1},
	75:  {lang: 0xc9, script: 0x61, flags: 0x0},
	76:  {lang: 0x270, script: 0x61, flags: 0x0},
	77:  {lang: 0xc9, script: 0x61, flags: 0x0},
	78:  {lang: 0x9b, script: 0x61, flags: 0x0},
	79:  {lang: 0xc9, script: 0x61, flags: 0x0},
	81:  {lang: 0xb5, script: 0x61, flags: 0x0},
	82:  {lang: 0xc9, script: 0x61, flags: 0x0},
	83:  {lang: 0x1d, script: 0x5, flags: 0x1},
	84:  {lang: 0xb5, script: 0x61, flags: 0x0},
	87:  {lang: 0xb5, script: 0x61, flags: 0x0},
	90:  {lang: 0xb5, script: 0x61, flags: 0x0},
	91:  {lang: 0x23a, script: 0x61, flags: 0x0},
	92:  {lang: 0x221, script: 0x61, flags: 0x0},
	94:  {lang: 0x22, script: 0x2, flags: 0x1},
	95:  {lang: 0x8f, script: 0x61, flags: 0x0},
	97:  {lang: 0x9b, script: 0x61, flags: 0x0},
	99:  {lang: 0xc9, script: 0x61, flags: 0x0},
	100: {lang: 0x96, script: 0x61, flags: 0x0},
	102: {lang: 0xb5, script: 0x61, flags: 0x0},
	104: {lang: 0x24, script: 0x2, flags: 0x1},
	105: {lang: 0xb5, script: 0x61, flags: 0x0},
	106: {lang: 0xb5, script: 0x61, flags: 0x0},
	107: {lang: 0xb8, script: 0x61, flags: 0x0},
	108: {lang: 0x26, script: 0x2, flags: 0x1},
	109: {lang: 0x1b, script: 0x5, flags: 0x0},
	110: {lang: 0x28, script: 0x3, flags: 0x1},
	111: {lang: 0xb5, script: 0x61, flags: 0x0},
	112: {lang: 0x2b, script: 0x2, flags: 0x1},
	115: {lang: 0xc2, script: 0x61, flags: 0x0},
	116: {lang: 0xff, script: 0x24, flags: 0x2},
	119: {lang: 0xc7, script: 0x61, flags: 0x0},
	121: {lang: 0x2d, script: 0x2, flags: 0x1},
	123: {lang: 0xc9, script: 0x61, flags: 0x0},
	124: {lang: 0x2e5, script: 0x5, flags: 0x2},
	126: {lang: 0x2f, script: 0x2, flags: 0x1},
	127: {lang: 0x31, script: 0x2, flags: 0x1},
	129: {lang: 0x10, script: 0x61, flags: 0x0},
	131: {lang: 0x157, script: 0x61, flags: 0x0},
	133: {lang: 0xc9, script: 0x61, flags: 0x0},
	134: {lang: 0xc9, script: 0x61, flags: 0x0},
	135: {lang: 0xb5, script: 0x61, flags: 0x0},
	136: {lang: 0x33, script: 0x3, flags: 0x1},
	138: {lang: 0xb5, script: 0x61, flags: 0x0},
	140: {lang: 0x23a, script: 0x61, flags: 0x0},
	142: {lang: 0x36, script: 0x2, flags: 0x1},
	144: {lang: 0xb5, script: 0x61, flags: 0x0},
	145: {lang: 0x10b, script: 0x61, flags: 0x0},
	146: {lang: 0x10e, script: 0x61, flags: 0x0},
	147: {lang: 0x10f, script: 0x61, flags: 0x0},
	149: {lang: 0xb5, script: 0x61, flags: 0x0},
	150: {lang: 0x38, script: 0x2, flags: 0x1},
	152: {lang: 0x3a, script: 0x2, flags: 0x1},
	154: {lang: 0x3c, script: 0x4, flags: 0x1},
	156: {lang: 0x40, script: 0x2, flags: 0x1},
	157: {lang: 0x42, script: 0x4, flags: 0x1},
	158: {lang: 0x120, script: 0x61, flags: 0x0},
	159: {lang: 0x121, script: 0x61, flags: 0x0},
	162: {lang: 0x46, script: 0x2, flags: 0x1},
	163: {lang: 0x127, script: 0x4e, flags: 0x0},
	165: {lang: 0x29b, script: 0x61, flags: 0x0},
	166: {lang: 0x48, script: 0x2, flags: 0x1},
	167: {lang: 0x4a, script: 0x3, flags: 0x1},
	169: {lang: 0x4d, script: 0x2, flags: 0x1},
	171: {lang: 0x15f, script: 0x59, flags: 0x0},
	172: {lang: 0x15f, script: 0x59, flags: 0x0},
	173: {lang: 0x1b, script: 0x5, flags: 0x0},
	175: {lang: 0x4f, script: 0x2, flags: 0x1},
	176: {lang: 0x51, script: 0x3, flags: 0x1},
	177: {lang: 0x54, script: 0x2, flags: 0x1},
	179: {lang: 0x9b, script: 0x61, flags: 0x0},
	180: {lang: 0x56, script: 0x2, flags: 0x1},
	182: {lang: 0x293, script: 0x61, flags: 0x0},
	183: {lang: 0x19d, script: 0x61, flags: 0x0},
	184: {lang: 0xc9, script: 0x61, flags: 0x0},
	185: {lang: 0x1a6, script: 0x61, flags: 0x0},
	186: {lang: 0x1b, script: 0x5, flags: 0x0},
	187: {lang: 0x58, script: 0x2, flags: 0x1},
	188: {lang: 0xc9, script: 0x61, flags: 0x0},
	189: {lang: 0x5a, script: 0x2, flags: 0x1},
	190: {lang: 0x5c, script: 0x2, flags: 0x1},
	191: {lang: 0xc9, script: 0x61, flags: 0x0},
	192: {lang: 0x1bd, script: 0x61, flags: 0x0},
	195: {lang: 0x5e, script: 0x3, flags: 0x1},
	196: {lang: 0x61, script: 0x2, flags: 0x1},
	197: {lang: 0x63, script: 0x5, flags: 0x1},
	198: {lang: 0x68, script: 0x3, flags: 0x1},
	199: {lang: 0x6b, script: 0x2, flags: 0x1},
	201: {lang: 0xc9, script: 0x61, flags: 0x0},
	202: {lang: 0x6d, script: 0x2, flags: 0x1},
	204: {lang: 0x1d8, script: 0x61, flags: 0x0},
	205: {lang: 0x6f, script: 0x3, flags: 0x1},
	206: {lang: 0x72, script: 0x2, flags: 0x1},
	208: {lang: 0xb5, script: 0x61, flags: 0x0},
	209: {lang: 0x1d7, script: 0x61, flags: 0x0},
	210: {lang: 0x23a, script: 0x61, flags: 0x0},
	211: {lang: 0xc, script: 0x61, flags: 0x0},
	212: {lang: 0xc9, script: 0x61, flags: 0x0},
	213: {lang: 0xf9, script: 0x61, flags: 0x0},
	215: {lang: 0xf9, script: 0x5, flags: 0x2},
	217: {lang: 0xb5, script: 0x61, flags: 0x0},
	218: {lang: 0x1fc, script: 0x61, flags: 0x0},
	219: {lang: 0x1ee, script: 0x61, flags: 0x0},
	220: {lang: 0x74, script: 0x3, flags: 0x1},
	226: {lang: 0x1b, script: 0x5, flags: 0x0},
	227: {lang: 0xb5, script: 0x61, flags: 0x0},
	229: {lang: 0xb5, script: 0x61, flags: 0x0},
	230: {lang: 0xc9, script: 0x61, flags: 0x0},
	231: {lang: 0x2c3, script: 0x61, flags: 0x0},
	232: {lang: 0xc4, script: 0x61, flags: 0x0},
	233: {lang: 0x77, script: 0x4, flags: 0x1},
	234: {lang: 0x22f, script: 0x61, flags: 0x0},
	235: {lang: 0xc9, script: 0x61, flags: 0x0},
	237: {lang: 0xb5, script: 0x61, flags: 0x0},
	238: {lang: 0x1b, script: 0x5, flags: 0x0},
	239: {lang: 0x23a, script: 0x61, flags: 0x0},
	241: {lang: 0x222, script: 0x61, flags: 0x0},
	242: {lang: 0xe6, script: 0x61, flags: 0x0},
	244: {lang: 0x1b, script: 0x5, flags: 0x0},
	259: {lang: 0xc9, script: 0x61, flags: 0x0},
	261: {lang: 0x7b, script: 0x2, flags: 0x1},
	262: {lang: 0x7d, script: 0x2, flags: 0x1},
	263: {lang: 0x7f, script: 0x2, flags: 0x1},
	264: {lang: 0x258, script: 0x61, flags: 0x0},
	265: {lang: 0x1b, script: 0x5, flags: 0x0},
	267: {lang: 0xc9, script: 0x61, flags: 0x0},
	268: {lang: 0x81, script: 0x2, flags: 0x1},
	269: {lang: 0x83, script: 0x2, flags: 0x1},
	272: {lang: 0x27a, script: 0x61, flags: 0x0},
	273: {lang: 0x1ee, script: 0x61, flags: 0x0},
	274: {lang: 0x85, script: 0x2, flags: 0x1},
	276: {lang: 0x121, script: 0x61, flags: 0x0},
	277: {lang: 0x2fe, script: 0x61, flags: 0x0},
	278: {lang: 0x287, script: 0x61, flags: 0x0},
	279: {lang: 0x87, script: 0x2, flags: 0x1},
	280: {lang: 0x89, script: 0x2, flags: 0x1},
	281: {lang: 0x23a, script: 0x61, flags: 0x0},
	283: {lang: 0xb5, script: 0x61, flags: 0x0},
	285: {lang: 0x8b, script: 0x2, flags: 0x1},
	289: {lang: 0x8d, script: 0x2, flags: 0x1},
	290: {lang: 0xc9, script: 0x61, flags: 0x0},
	291: {lang: 0xc9, script: 0x61, flags: 0x0},
	292: {lang: 0x8f, script: 0x5, flags: 0x1},
	293: {lang: 0x94, script: 0x3, flags: 0x1},
	294: {lang: 0x2b7, script: 0x61, flags: 0x0},
	295: {lang: 0x23a, script: 0x61, flags: 0x0},
	296: {lang: 0x2b6, script: 0x61, flags: 0x0},
	297: {lang: 0x97, script: 0x2, flags: 0x1},
	298: {lang: 0x2bf, script: 0x61, flags: 0x0},
	300: {lang: 0x99, script: 0x4, flags: 0x1},
	302: {lang: 0x2d2, script: 0x61, flags: 0x0},
	303: {lang: 0x9d, script: 0x2, flags: 0x1},
	304: {lang: 0x29b, script: 0x61, flags: 0x0},
	305: {lang: 0x9f, script: 0x4, flags: 0x1},
	306: {lang: 0x29b, script: 0x61, flags: 0x0},
	310: {lang: 0x318, script: 0x42, flags: 0x2},
	311: {lang: 0xb5, script: 0x61, flags: 0x0},
	312: {lang: 0xa3, script: 0x2, flags: 0x1},
	313: {lang: 0x121, script: 0x61, flags: 0x0},
	316: {lang: 0xb5, script: 0x61, flags: 0x0},
	319: {lang: 0x2ec, script: 0x61, flags: 0x0},
	320: {lang: 0x47, script: 0x61, flags: 0x0},
	321: {lang: 0xc9, script: 0x61, flags: 0x0},
	323: {lang: 0x27d, script: 0x61, flags: 0x0},
	334: {lang: 0xa5, script: 0x2, flags: 0x1},
	351: {lang: 0xa7, script: 0x2, flags: 0x1},
	352: {lang: 0xa9, script: 0x2, flags: 0x1},
	357: {lang: 0x284, script: 0x61, flags: 0x0},
}

// likelyRegionList holds lists info associated with likelyRegion.
// Size: 1026 bytes, 171 elements
var likelyRegionList = [171]likelyLangScript{
	0:   {lang: 0x1b, script: 0x5, flags: 0x0},
	1:   {lang: 0xb3, script: 0x61, flags: 0x0},
	2:   {lang: 0xbd, script: 0x5, flags: 0x0},
	3:   {lang: 0xbd, script: 0x5, flags: 0x0},
	4:   {lang: 0x133, script: 0x22, flags: 0x0},
	5:   {lang: 0x2b6, script: 0x61, flags: 0x0},
	6:   {lang: 0x28a, script: 0x61, flags: 0x0},
	7:   {lang: 0x1c8, script: 0x22, flags: 0x0},
	8:   {lang: 0x111, script: 0x8, flags: 0x0},
	9:   {lang: 0x171, script: 0x61, flags: 0x0},
	10:  {lang: 0x2b, script: 0x61, flags: 0x0},
	11:  {lang: 0x2b, script: 0x5, flags: 0x0},
	12:  {lang: 0x2b, script: 0x22, flags: 0x0},
	13:  {lang: 0x5d, script: 0x61, flags: 0x0},
	14:  {lang: 0x28c, script: 0x22, flags: 0x0},
	15:  {lang: 0x54, script: 0xe, flags: 0x0},
	16:  {lang: 0xb3, script: 0x61, flags: 0x0},
	17:  {lang: 0x3f, script: 0x22, flags: 0x0},
	18:  {lang: 0x3f, script: 0x22, flags: 0x0},
	19:  {lang: 0xb3, script: 0x61, flags: 0x0},
	20:  {lang: 0x1d7, script: 0x61, flags: 0x0},
	21:  {lang: 0x1d7, script: 0x5, flags: 0x0},
	22:  {lang: 0xaa, script: 0xf9, flags: 0x0},
	23:  {lang: 0x1f3, script: 0x24, flags: 0x0},
	24:  {lang: 0xb3, script: 0x61, flags: 0x0},
	25:  {lang: 0xaa, script: 0xf9, flags: 0x0},
	26:  {lang: 0x1d7, script: 0x5, flags: 0x0},
	27:  {lang: 0x1d7, script: 0x5, flags: 0x0},
	28:  {lang: 0xb3, script: 0x61, flags: 0x0},
	29:  {lang: 0x323, script: 0x3f, flags: 0x0},
	30:  {lang: 0x2dd, script: 0x5, flags: 0x0},
	31:  {lang: 0x31c, script: 0x40, flags: 0x0},
	32:  {lang: 0x31d, script: 0x61, flags: 0x0},
	33:  {lang: 0x186, script: 0xf8, flags: 0x0},
	34:  {lang: 0xb2, script: 0x37, flags: 0x0},
	35:  {lang: 0x2c4, script: 0x61, flags: 0x0},
	36:  {lang: 0x1b, script: 0x5, flags: 0x0},
	37:  {lang: 0xc9, script: 0x61, flags: 0x0},
	38:  {lang: 0x1b, script: 0x5, flags: 0x0},
	39:  {lang: 0xb3, script: 0x61, flags: 0x0},
	40:  {lang: 0x2b3, script: 0x2e, flags: 0x0},
	41:  {lang: 0x2b3, script: 0x2e, flags: 0x0},
	42:  {lang: 0xb3, script: 0x61, flags: 0x0},
	43:  {lang: 0x14, script: 0x2e, flags: 0x0},
	44:  {lang: 0xb3, script: 0x61, flags: 0x0},
	45:  {lang: 0xc9, script: 0x61, flags: 0x0},
	46:  {lang: 0x105, script: 0x46, flags: 0x0},
	47:  {lang: 0x132, script: 0x31, flags: 0x0},
	48:  {lang: 0x2, script: 0x22, flags: 0x0},
	49:  {lang: 0xc9, script: 0x61, flags: 0x0},
	50:  {lang: 0x105, script: 0x46, flags: 0x0},
	51:  {lang: 0xb2, script: 0x37, flags: 0x0},
	52:  {lang: 0x1c8, script: 0x22, flags: 0x0},
	53:  {lang: 0xb3, script: 0x61, flags: 0x0},
	54:  {lang: 0x323, script: 0x40, flags: 0x0},
	55:  {lang: 0xb3, script: 0x61, flags: 0x0},
	56:  {lang: 0x116, script: 0x61, flags: 0x0},
	57:  {lang: 0x1d7, script: 0x5, flags: 0x0},
	58:  {lang: 0xfd, script: 0x42, flags: 0x0},
	59:  {lang: 0xb3, script: 0x61, flags: 0x0},
	60:  {lang: 0xfe, script: 0x24, flags: 0x0},
	61:  {lang: 0x2e5, script: 0x5, flags: 0x0},
	62:  {lang: 0xb3, script: 0x61, flags: 0x0},
	63:  {lang: 0x14e, script: 0x7c, flags: 0x0},
	64:  {lang: 0x1b, script: 0x5, flags: 0x0},
	65:  {lang: 0xb3, script: 0x61, flags: 0x0},
	66:  {lang: 0xbd, script: 0x5, flags: 0x0},
	67:  {lang: 0xbd, script: 0x5, flags: 0x0},
	68:  {lang: 0x133, script: 0x22, flags: 0x0},
	69:  {lang: 0x2b6, script: 0x61, flags: 0x0},
	70:  {lang: 0x1b, script: 0x5, flags: 0x0},
	71:  {lang: 0xb3, script: 0x61, flags: 0x0},
	72:  {lang: 0x17b, script: 0x22, flags: 0x0},
	73:  {lang: 0x17b, script: 0x22, flags: 0x0},
	74:  {lang: 0x159, script: 0x54, flags: 0x0},
	75:  {lang: 0x80, script: 0x5, flags: 0x0},
	76:  {lang: 0x140, script: 0xf8, flags: 0x0},
	77:  {lang: 0x1b, script: 0x5, flags: 0x0},
	78:  {lang: 0xc9, script: 0x61, flags: 0x0},
	79:  {lang: 0x255, script: 0x22, flags: 0x0},
	80:  {lang: 0xb3, script: 0x61, flags: 0x0},
	81:  {lang: 0x199, script: 0x5e, flags: 0x0},
	82:  {lang: 0x105, script: 0x46, flags: 0x0},
	83:  {lang: 0x140, script: 0xf8, flags: 0x0},
	84:  {lang: 0x1b, script: 0x5, flags: 0x0},
	85:  {lang: 0xb3, script: 0x61, flags: 0x0},
	86:  {lang: 0x276, script: 0xdf, flags: 0x0},
	87:  {lang: 0xb3, script: 0x61, flags: 0x0},
	88:  {lang: 0x1b, script: 0x5, flags: 0x0},
	89:  {lang: 0xc9, script: 0x61, flags: 0x0},
	90:  {lang: 0x251, script: 0x61, flags: 0x0},
	91:  {lang: 0x2df, script: 0x22, flags: 0x0},
	92:  {lang: 0x28c, script: 0x61, flags: 0x0},
	93:  {lang: 0x28c, script: 0x22, flags: 0x0},
	94:  {lang: 0x1c8, script: 0x22, flags: 0x0},
	95:  {lang: 0x1c8, script: 0x22, flags: 0x0},
	96:  {lang: 0x28a, script: 0x61, flags: 0x0},
	97:  {lang: 0x52, script: 0x61, flags: 0x0},
	98:  {lang: 0x52, script: 0x84, flags: 0x0},
	99:  {lang: 0x1e3, script: 0x7c, flags: 0x0},
	100: {lang: 0x245, script: 0x5, flags: 0x0},
	101: {lang: 0x105, script: 0x46, flags: 0x0},
	102: {lang: 0x295, script: 0x5d, flags: 0x0},
	103: {lang: 0x135, script: 0x61, flags: 0x0},
	104: {lang: 0x1cb, script: 0x22, flags: 0x0},
	105: {lang: 0x155, script: 0x5, flags: 0x0},
	106: {lang: 0x1cb, script: 0x22, flags: 0x0},
	107: {lang: 0x323, script: 0x40, flags: 0x0},
	108: {lang: 0xb3, script: 0x61, flags: 0x0},
	109: {lang: 0x1b, script: 0x5, flags: 0x0},
	110: {lang: 0xc9, script: 0x61, flags: 0x0},
	111: {lang: 0xc9, script: 0x61, flags: 0x0},
	112: {lang: 0x2e5, script: 0x5, flags: 0x0},
	113: {lang: 0x46, script: 0x24, flags: 0x0},
	114: {lang: 0xa7, script: 0xf7, flags: 0x0},
	115: {lang: 0xb3, script: 0x61, flags: 0x0},
	116: {lang: 0x1f3, script: 0x24, flags: 0x0},
	117: {lang: 0x1f3, script: 0x24, flags: 0x0},
	118: {lang: 0xb3, script: 0x61, flags: 0x0},
	119: {lang: 0x2e5, script: 0x5, flags: 0x0},
	120: {lang: 0x2e5, script: 0x5, flags: 0x0},
	121: {lang: 0x62, script: 0x24, flags: 0x0},
	122: {lang: 0xb3, script: 0x61, flags: 0x0},
	123: {lang: 0x251, script: 0x61, flags: 0x0},
	124: {lang: 0x3f, script: 0x22, flags: 0x0},
	125: {lang: 0x28c, script: 0x22, flags: 0x0},
	126: {lang: 0x28c, script: 0x22, flags: 0x0},
	127: {lang: 0x255, script: 0x22, flags: 0x0},
	128: {lang: 0x169, script: 0x61, flags: 0x0},
	129: {lang: 0x1b, script: 0x5, flags: 0x0},
	130: {lang: 0xb3, script: 0x61, flags: 0x0},
	131: {lang: 0x29a, script: 0x61, flags: 0x0},
	132: {lang: 0x318, script: 0x42, flags: 0x0},
	133: {lang: 0x278, script: 0x61, flags: 0x0},
	134: {lang: 0x2df, script: 0x22, flags: 0x0},
	135: {lang: 0x1fc, script: 0x61, flags: 0x0},
	136: {lang: 0x105, script: 0x46, flags: 0x0},
	137: {lang: 0x1b, script: 0x5, flags: 0x0},
	138: {lang: 0xb3, script: 0x61, flags: 0x0},
	139: {lang: 0x1b, script: 0x5, flags: 0x0},
	140: {lang: 0x171, script: 0x61, flags: 0x0},
	141: {lang: 0x1b, script: 0x5, flags: 0x0},
	142: {lang: 0xc9, script: 0x61, flags: 0x0},
	143: {lang: 0x2af, script: 0xf8, flags: 0x0},
	144: {lang: 0x1ba, script: 0x5, flags: 0x0},
	145: {lang: 0x105, script: 0x46, flags: 0x0},
	146: {lang: 0xb3, script: 0x61, flags: 0x0},
	147: {lang: 0x1cd, script: 0x7c, flags: 0x0},
	148: {lang: 0x2ae, script: 0x22, flags: 0x0},
	149: {lang: 0xbd, script: 0x5, flags: 0x0},
	150: {lang: 0x2ae, script: 0x22, flags: 0x0},
	151: {lang: 0x1b, script: 0x5, flags: 0x0},
	152: {lang: 0xc9, script: 0x61, flags: 0x0},
	153: {lang: 0x2c4, script: 0x61, flags: 0x0},
	154: {lang: 0x19, script: 0x5, flags: 0x0},
	155: {lang: 0x13a, script: 0x22, flags: 0x0},
	156: {lang: 0x42, script: 0x37, flags: 0x0},
	157: {lang: 0x323, script: 0x40, flags: 0x0},
	158: {lang: 0x2c6, script: 0x61, flags: 0x0},
	159: {lang: 0x2df, script: 0x22, flags: 0x0},
	160: {lang: 0x2df, script: 0x22, flags: 0x0},
	161: {lang: 0x318, script: 0x42, flags: 0x0},
	162: {lang: 0x22f, script: 0x61, flags: 0x0},
	163: {lang: 0x2e7, script: 0x61, flags: 0x0},
	164: {lang: 0x2e7, script: 0x22, flags: 0x0},
	165: {lang: 0x28a, script: 0x61, flags: 0x0},
	166: {lang: 0x28c, script: 0x22, flags: 0x0},
	167: {lang: 0x1b, script: 0x5, flags: 0x0},
	168: {lang: 0xb3, script: 0x61, flags: 0x0},
	169: {lang: 0xc9, script: 0x61, flags: 0x0},
	170: {lang: 0x29c, script: 0x5, flags: 0x0},
}

type likelyTag struct {
	lang   uint16
	region uint16
	script uint16
}

// Size: 198 bytes, 33 elements
var likelyRegionGroup = [33]likelyTag{
	30: {lang: 0xb5, region: 0x1f, script: 0x61},
}

// Size: 264 bytes, 33 elements
var regionContainment = [33]uint64{
	// Entry 0 - 1F
	0x00000001ffffffff, 0x00000000200007a2, 0x0000000000003044, 0x0000000000000008,
	0x00000000803c0010, 0x0000000000000020, 0x0000000000000040, 0x0000000000000080,
	0x0000000000000100, 0x0000000000000200, 0x0000000000000400, 0x000000004000384c,
	0x0000000000001000, 0x0000000000002000, 0x0000000000004000, 0x0000000000008000,
	0x0000000000010000, 0x0000000000020000, 0x0000000000040000, 0x0000000000080000,
	0x0000000000100000, 0x0000000000200000, 0x0000000001c1c000, 0x0000000000800000,
	0x0000000001000000, 0x000000001e020000, 0x0000000004000000, 0x0000000008000000,
	0x0000000010000000, 0x00000000200006a0, 0x0000000040002048, 0x0000000080000000,
	// Entry 20 - 3F
	0x0000000100000000,
}

// regionInclusion maps region identifiers to sets of regions in regionInclusionBits,
// where each set holds all groupings that are directly connected in a region
// containment graph.
// Size: 359 bytes, 359 elements
var regionInclusion = [359]uint8{
	// Entry 0 - 3F
	0x00, 0x00, 0x01, 0x02, 0x03, 0x04, 0x05, 0x06,
	0x07, 0x08, 0x09, 0x0a, 0x0b, 0x0c, 0x0d, 0x0e,
	0x0f, 0x10, 0x11, 0x12, 0x13, 0x14, 0x15, 0x16,
	0x17, 0x18, 0x19, 0x1a, 0x1b, 0x1c, 0x1d, 0x1e,
	0x21, 0x22, 0x23, 0x24, 0x25, 0x26, 0x26, 0x23,
	0x24, 0x26, 0x27, 0x22, 0x28, 0x29, 0x2a, 0x2b,
	0x26, 0x2c, 0x24, 0x23, 0x26, 0x25, 0x2a, 0x2d,
	0x2e, 0x24, 0x2f, 0x2d, 0x26, 0x30, 0x31, 0x28,
	// Entry 40 - 7F
	0x26, 0x28, 0x26, 0x25, 0x31, 0x28, 0x32, 0x33,
	0x34, 0x30, 0x2b, 0x27, 0x27, 0x27, 0x35, 0x2d,
	0x29, 0x28, 0x27, 0x36, 0x28, 0x22, 0x2c, 0x34,
	0x23, 0x21, 0x26, 0x2d, 0x26, 0x2b, 0x37, 0x2e,
	0x35, 0x2a, 0x22, 0x2f, 0x38, 0x26, 0x26, 0x21,
	0x39, 0x39, 0x28, 0x38, 0x39, 0x39, 0x2f, 0x3a,
	0x2f, 0x20, 0x21, 0x38, 0x3b, 0x28, 0x3c, 0x2c,
	0x21, 0x2a, 0x35, 0x27, 0x2c, 0x26, 0x24, 0x28,
	// Entry 80 - BF
	0x2c, 0x2d, 0x23, 0x30, 0x2d, 0x2d, 0x26, 0x27,
	0x3a, 0x28, 0x34, 0x3c, 0x2d, 0x28, 0x36, 0x2b,
	0x34, 0x3a, 0x26, 0x2e, 0x21, 0x39, 0x31, 0x38,
	0x24, 0x2c, 0x25, 0x2f, 0x24, 0x25, 0x2c, 0x3a,
	0x2c, 0x26, 0x24, 0x36, 0x21, 0x2f, 0x3d, 0x31,
	0x3c, 0x2f, 0x26, 0x36, 0x36, 0x24, 0x26, 0x3d,
	0x31, 0x24, 0x26, 0x35, 0x25, 0x2d, 0x32, 0x38,
	0x2a, 0x38, 0x39, 0x39, 0x35, 0x33, 0x23, 0x26,
	// Entry C0 - FF
	0x2f, 0x3c, 0x21, 0x23, 0x2d, 0x31, 0x36, 0x36,
	0x3c, 0x26, 0x2d, 0x26, 0x3a, 0x2f, 0x25, 0x2f,
	0x34, 0x31, 0x2f, 0x32, 0x3b, 0x2d, 0x2b, 0x2d,
	0x21, 0x34, 0x2a, 0x2c, 0x25, 0x21, 0x3c, 0x24,
	0x29, 0x2b, 0x24, 0x34, 0x21, 0x28, 0x29, 0x3b,
	0x31, 0x25, 0x2e, 0x30, 0x29, 0x26, 0x24, 0x3a,
	0x21, 0x3c, 0x28, 0x21, 0x24, 0x21, 0x21, 0x1f,
	0x21, 0x21, 0x21, 0x21, 0x21, 0x21, 0x21, 0x21,
	// Entry 100 - 13F
	0x21, 0x21, 0x21, 0x2f, 0x21, 0x2e, 0x23, 0x33,
	0x2f, 0x24, 0x3b, 0x2f, 0x39, 0x38, 0x31, 0x2d,
	0x3a, 0x2c, 0x2e, 0x2d, 0x23, 0x2d, 0x2f, 0x28,
	0x2f, 0x27, 0x33, 0x34, 0x26, 0x24, 0x32, 0x22,
	0x26, 0x27, 0x2f, 0x2d, 0x31, 0x3d, 0x29, 0x31,
	0x3d, 0x39, 0x29, 0x31, 0x24, 0x26, 0x29, 0x36,
	0x2f, 0x33, 0x2f, 0x21, 0x3c, 0x21, 0x30, 0x28,
	0x3d, 0x23, 0x26, 0x21, 0x28, 0x26, 0x26, 0x31,
	// Entry 140 - 17F
	0x3b, 0x29, 0x21, 0x29, 0x21, 0x21, 0x21, 0x21,
	0x21, 0x21, 0x21, 0x21, 0x21, 0x21, 0x23, 0x21,
	0x21, 0x21, 0x21, 0x21, 0x21, 0x21, 0x21, 0x21,
	0x21, 0x21, 0x21, 0x21, 0x21, 0x21, 0x24, 0x24,
	0x2f, 0x23, 0x32, 0x2f, 0x27, 0x2f, 0x21,
}

// regionInclusionBits is an array of bit vectors where every vector represents
// a set of region groupings.  These sets are used to compute the distance
// between two regions for the purpose of language matching.
// Size: 584 bytes, 73 elements
var regionInclusionBits = [73]uint64{
	// Entry 0 - 1F
	0x0000000102400813, 0x00000000200007a3, 0x0000000000003844, 0x0000000040000808,
	0x00000000803c0011, 0x0000000020000022, 0x0000000040000844, 0x0000000020000082,
	0x0000000000000102, 0x0000000020000202, 0x0000000020000402, 0x000000004000384d,
	0x0000000000001804, 0x0000000040002804, 0x0000000000404000, 0x0000000000408000,
	0x0000000000410000, 0x0000000002020000, 0x0000000000040010, 0x0000000000080010,
	0x0000000000100010, 0x0000000000200010, 0x0000000001c1c001, 0x0000000000c00000,
	0x0000000001400000, 0x000000001e020001, 0x0000000006000000, 0x000000000a000000,
	0x0000000012000000, 0x00000000200006a2, 0x0000000040002848, 0x0000000080000010,
	// Entry 20 - 3F
	0x0000000100000001, 0x0000000000000001, 0x0000000080000000, 0x0000000000020000,
	0x0000000001000000, 0x0000000000008000, 0x0000000000002000, 0x0000000000000200,
	0x0000000000000008, 0x0000000000200000, 0x0000000110000000, 0x0000000000040000,
	0x0000000008000000, 0x0000000000000020, 0x0000000104000000, 0x0000000000000080,
	0x0000000000001000, 0x0000000000010000, 0x0000000000000400, 0x0000000004000000,
	0x0000000000000040, 0x0000000010000000, 0x0000000000004000, 0x0000000101000000,
	0x0000000108000000, 0x0000000000000100, 0x0000000100020000, 0x0000000000080000,
	0x0000000000100000, 0x0000000000800000, 0x00000001ffffffff, 0x0000000122400fb3,
	// Entry 40 - 5F
	0x00000001827c0813, 0x000000014240385f, 0x0000000103c1c813, 0x000000011e420813,
	0x0000000112000001, 0x0000000106000001, 0x0000000101400001, 0x000000010a000001,
	0x0000000102020001,
}

// regionInclusionNext marks, for each entry in regionInclusionBits, the set of
// all groups that are reachable from the groups set in the respective entry.
// Size: 73 bytes, 73 elements
var regionInclusionNext = [73]uint8{
	// Entry 0 - 3F
	0x3e, 0x3f, 0x0b, 0x0b, 0x40, 0x01, 0x0b, 0x01,
	0x01, 0x01, 0x01, 0x41, 0x0b, 0x0b, 0x16, 0x16,
	0x16, 0x19, 0x04, 0x04, 0x04, 0x04, 0x42, 0x16,
	0x16, 0x43, 0x19, 0x19, 0x19, 0x01, 0x0b, 0x04,
	0x00, 0x00, 0x1f, 0x11, 0x18, 0x0f, 0x0d, 0x09,
	0x03, 0x15, 0x44, 0x12, 0x1b, 0x05, 0x45, 0x07,
	0x0c, 0x10, 0x0a, 0x1a, 0x06, 0x1c, 0x0e, 0x46,
	0x47, 0x08, 0x48, 0x13, 0x14, 0x17, 0x3e, 0x3e,
	// Entry 40 - 7F
	0x3e, 0x3e, 0x3e, 0x3e, 0x43, 0x43, 0x42, 0x43,
	0x43,
}

type parentRel struct {
	lang       uint16
	script     uint16
	maxScript  uint16
	toRegion   uint16
	fromRegion []uint16
}

type parentTag struct {
	lang     uint16
	script   uint16
	region   uint16
	toLang   uint16
	toScript uint16
	toRegion uint16
}

// Size: 450 bytes, 5 elements
var parents = [5]parentRel{
	0: {lang: 0xb3, script: 0x0, maxScript: 0x61, toRegion: 0x1, fromRegion: []uint16{0x1a, 0x25, 0x26, 0x2f, 0x34, 0x3d, 0x42, 0x46, 0x48, 0x4a, 0x50, 0x52, 0x5d, 0x5e, 0x62, 0x65, 0x6e, 0x74, 0x75, 0x76, 0x7c, 0x7d, 0x80, 0x81, 0x82, 0x84, 0x89, 0x8d, 0x8e, 0x96, 0x97, 0x98, 0x99, 0x9a, 0x9b, 0xa0, 0xa1, 0xa5, 0xa8, 0xaa, 0xae, 0xb2, 0xb5, 0xb6, 0xc0, 0xc7, 0xcb, 0xcc, 0xcd, 0xce, 0xcf, 0xd1, 0xd3, 0xd6, 0xd7, 0xde, 0xe0, 0xe1, 0xe7, 0xe9, 0xec, 0xf1, 0x108, 0x10a, 0x10b, 0x10c, 0x10e, 0x10f, 0x113, 0x118, 0x11c, 0x11e, 0x120, 0x126, 0x12a, 0x12d, 0x12e, 0x130, 0x132, 0x13a, 0x13d, 0x140, 0x143, 0x162, 0x163, 0x165}},
	1: {lang: 0xb3, script: 0x0, maxScript: 0x61, toRegion: 0x1a, fromRegion: []uint16{0x2e, 0x36, 0x4e, 0x5f, 0x61, 0x64, 0x6b, 0x6f, 0x73, 0x79, 0x7e, 0x93, 0x9f, 0xb7, 0xb9, 0xda, 0xdb, 0xea, 0xef, 0x105, 0x10d, 0x110, 0x112, 0x131}},
	2: {lang: 0xb5, script: 0x0, maxScript: 0x61, toRegion: 0x1f, fromRegion: []uint16{0x2c, 0x3f, 0x41, 0x48, 0x51, 0x54, 0x57, 0x5a, 0x66, 0x6a, 0x8a, 0x90, 0xa3, 0xd0, 0xd9, 0xe3, 0xe5, 0xed, 0xf2, 0x11b, 0x136, 0x137, 0x13c}},
	3: {lang: 0x23a, script: 0x0, maxScript: 0x61, toRegion: 0xef, fromRegion: []uint16{0x2a, 0x4e, 0x5b, 0x79, 0x87, 0x8c, 0xb8, 0xc7, 0xd2, 0x119, 0x127}},
	4: {lang: 0x323, script: 0x40, maxScript: 0x40, toRegion: 0x8e, fromRegion: []uint16{0xc7}},
}

// Size: 48 bytes, 4 elements
var parentTags = [4]parentTag{
	0: {lang: 0xfe, script: 0x61, region: 0x0, toLang: 0xb3, toScript: 0x0, toRegion: 0x9a},
	1: {lang: 0x10e, script: 0x0, region: 0x0, toLang: 0xc9, toScript: 0x0, toRegion: 0x92},
	2: {lang: 0x1ee, script: 0x0, region: 0x0, toLang: 0x201, toScript: 0x0, toRegion: 0x0},
	3: {lang: 0x1fe, script: 0x0, region: 0x0, toLang: 0x201, toScript: 0x0, toRegion: 0x0},
}

// Total table size 26179 bytes (25KiB); checksum: 21E74D1E
